-	Aarhus	-	proper	5	-	-	-	-	-
-	Abidjan	-	proper	5	-	-	-	-	-
-	Abu Dhabi	-	proper	5	-	-	-	-	-
-	Abuja	-	proper	10	-	-	-	-	-
-	Accra	-	proper	9	-	-	-	-	-
-	Addis Abeba	-	proper	10|12	-	-	-	-	-
-	Addison	-	proper	6	-	-	-	-	-
-	Ahlainen	-	proper	38-pl	-	-	-	-	-
-	Aitoo	-	proper	17	-	-	-	-	-
-	Akaa	-	proper	17	-	-	-	-	-
-	Akaba	-	proper	9	-	-	-	-	-
-	Akmola	-	proper	12|10	-	-	-	-	-
-	Al Riyad	-	proper	5	-	-	-	-	-
-	Alastaro	-	proper	2	-	-	-	-	-
-	Alattio	-	proper	3	-	-	-	-	-
-	Alavus	-	proper	40	-	-	-	-	-
-	Aleksandria	-	proper	12	-	-	-	-	-
-	Alexandria	-	proper	12	-	-	-	-	-
-	Alger	-	proper	6	-	-	-	-	-
-	Alicante	-	proper	8	-	-	-	-	-
-	Almaty	-	proper	1	-	-	-	-	-
-	Alta	-	proper	9	-	-	-	-	-
-	Amherst	-	proper	5	-	-	-	-	-
-	Amman	-	proper	6	-	-	-	-	-
-	Amsterdam	-	proper	5	-	-	-	-	-
-	Anaheim	-	proper	5	-	-	-	-	-
-	Andorra la Vella	-	proper	9	-	-	-	-	-
-	Angkor	-	proper	6	-	-	-	-	-
-	Anianpelto	-	proper	1	-	-	-	-	-
-	Anjala	-	proper	12	-	-	-	-	-
-	Ankara	-	proper	10|12	-	-	-	-	-
-	Antakya	-	proper	12	-	-	-	-	-
-	Antananarivo	-	proper	2	-	-	-	-	-
-	Antiokia	-	proper	12	-	-	-	-	-
-	Antrea	-	proper	12	-	-	-	-	-
-	Anttola	-	proper	12	-	-	-	-	-
-	Antwerpen	-	proper	6	-	-	-	-	-
-	Apia	-	proper	12	-	-	-	-	-
-	Aqmola	-	proper	12|10	-	-	-	-	-
-	Arkangeli	-	proper	6	-	-	-	-	-
-	Arvaja	-	proper	9	-	-	-	-	-
-	Asikkala	-	proper	12	-	-	-	-	-
-	Askainen	-	proper	38-pl	-	-	-	-	-
-	Askola	-	proper	12	-	-	-	-	-
-	Asmara	-	proper	12	-	-	-	-	-
-	Assur	-	proper	5	-	-	-	-	-
-	Astana	-	proper	12	-	-	-	-	-
-	Asunción	-	proper	5	-	-	-	-	-
-	Ateena	-	proper	13	-	-	-	-	-
-	Atlanta	-	proper	10	-	-	-	-	-
-	Auckland	-	proper	5	-	-	-	-	-
-	Augsburg	-	proper	5	-	-	-	-	-
-	Aunus	-	proper	39	-	-	-	-	-
-	Aura	-	proper	9	-	-	-	-	-
-	Austin	-	proper	5	-	-	-	-	-
-	Avignon	-	proper	5	-	-	-	-	-
-	Ašgabat	-	proper	5	-	-	-	-	-
-	Ašhabad	-	proper	5	-	-	-	-	-
-	Babylon	-	proper	6	-	-	-	-	-
-	Baden	-	proper	6	-	-	-	-	-
-	Bagdad	-	proper	5	-	-	-	-	-
-	Baku	-	proper	1	-	-	-	-	-
-	Baltimore	-	proper	8	-	-	-	-	-
-	Bamako	-	proper	1	-	-	-	-	-
-	Bandar Seri Begawan	-	proper	?6	-	-	-	-	-
-	Bangalore	-	proper	8	-	-	-	-	-
-	Bangkok	-	proper	5	-	-	-	-	-
-	Bangui	-	proper	18	-	-	-	-	-
-	Banjul	-	proper	5	-	-	-	-	-
-	Baoding	-	proper	5	-	-	-	-	-
-	Barcelona	-	proper	10	-	-	-	-	-
-	Bari	-	proper	5	-	-	-	-	-
-	Barrow	-	proper	22	-	-	-	-	-
-	Basel	-	proper	6	-	-	-	-	-
-	Basra	-	proper	9	-	-	-	-	-
-	Basseterre	-	proper	8	-	front|back	-	-	-
-	Beetlehem	-	proper	5	-	-	-	-	-
-	Beijing	-	proper	5	-	-	-	-	-
-	Beirut	-	proper	5	-	-	-	-	-
-	Belfast	-	proper	5	-	-	-	-	-
-	Belgrad	-	proper	5	-	-	-	-	-
-	Belmopan	-	proper	5	-	-	-	-	-
-	Belo Horizonte	-	proper	8	-	-	-	-	-
-	Benares	-	proper	39	-	-	-	-	-
-	Bergen	-	proper	6	-	-	-	-	-
-	Bergö	-	proper	21|†1	-	-	-	-	-
-	Berkeley	-	proper	21	-	-	i|y	-	-
-	Berliini	-	proper	5	-	-	-	-	-
-	Bern	-	proper	5	-	-	-	-	-
-	Besançon	-	proper	5	-	-	-	-	-
-	Betlehem	-	proper	5	-	-	-	-	-
-	Bielefeld	-	proper	5	-	-	-	-	-
-	Bilbao	-	proper	2	-	-	-	-	-
-	Birka	-	proper	9	-	-	-	-	-
-	Birmingham	-	proper	5	-	-	-	-	-
-	Bissau	-	proper	21	-	-	-	-	-
-	Biškek	-	proper	5	-	-	-	-	-
-	Björköby	-	proper	21|†1	-	-	-	-	-
-	Blackpool	-	proper	5	-	-	-	-	-
-	Bloemfontein	-	proper	5	-	-	-	-	-
-	Boden	-	proper	6	-	-	-	-	-
-	Bogota	-	proper	10|12	-	-	-	-	-
-	Bogotá	-	proper	1	-	-	-	-	-
-	Bollnäs	-	proper	39	-	-	-	-	-
-	Bologna	-	proper	10	-	-	-	-	-
-	Bombay	-	proper	21	-	-	i|y	-	-
-	Bonn	-	proper	5	-	-	-	-	-
-	Bordeaux	-	proper	22	-	-	-	-	-
-	Borlänge	-	proper	8	-	-	-	-	-
-	Borås	-	proper	5	-	-	-	-	-
-	Boston	-	proper	6	-	-	-	-	-
-	Bradford	-	proper	5	-	-	-	-	-
-	Brasília	-	proper	12	-	-	-	-	-
-	Bratislava	-	proper	12	-	-	-	-	-
-	Brazzaville	-	proper	8	-	front|back	-	-	-
-	Bremen	-	proper	6	-	-	-	-	-
-	Bremerhaven	-	proper	6	-	-	-	-	-
-	Brest	-	proper	5	-	-	-	-	-
-	Bridgetown	-	proper	5	-	-	-	-	-
-	Brighton	-	proper	6	-	-	-	-	-
-	Brisbane	-	proper	8	-	-	-	-	-
-	Bristol	-	proper	6	-	-	-	-	-
-	Brno	-	proper	21	-	-	-	-	-
-	Bromarf	-	proper	5	-	-	-	-	-
-	Bromarv	-	proper	5	-	-	-	-	-
-	Bruges	-	proper	39	-	-	-	-	-
-	Brugge	-	proper	8	-	-	-	-	-
-	Bryssel	-	proper	6	-	-	-	-	-
-	Brysseli	-	proper	5	-	-	-	nstd	-
-	Brändö	-	proper	21|†1	-	-	-	-	-
-	Budapest	-	proper	5	-	front|back	-	-	-
-	Buenos Aires	-	proper	5	-	-	-	-	-
-	Buffalo	-	proper	2	-	-	-	-	-
-	Bukarest	-	proper	5	-	-	-	-	-
-	Bydgoszcz	-	proper	5	-	-	-	-	-
-	Calais	-	proper	22	-	-	-	-	-
-	Calgary	-	proper	1	-	-	-	-	-
-	Cali	-	proper	5	-	-	-	-	-
-	Cambridge	-	proper	8	-	-	-	-	-
-	Campinas	-	proper	5	-	-	-	-	-
-	Canberra	-	proper	9	-	-	-	-	-
-	Cannes	-	proper	5	-	-	-	-	-
-	Caracas	-	proper	5	-	-	-	-	-
-	Cardiff	-	proper	5	-	-	-	-	-
-	Casablanca	-	proper	9	-	-	-	-	-
-	Castries	-	proper	5	-	-	-	-	-
-	Catania	-	proper	12	-	-	-	-	-
-	Cayenne	-	proper	8	-	front|back	-	-	-
-	Celle	-	proper	8	-	-	-	-	-
-	Cetinje	-	proper	8	-	-	-	-	-
-	Chang’an	-	proper	5	-	-	-	-	-
-	Charleston	-	proper	6	-	-	-	-	-
-	Chengdu	-	proper	1	-	-	-	-	-
-	Cherbourg	-	proper	5	-	-	-	-	-
-	Chiba	-	proper	9	-	-	-	-	-
-	Chicago	-	proper	2	-	-	-	-	-
-	Chinatown	-	proper	5	-	-	-	-	-
-	Chișinău	-	proper	21	-	-	-	-	-
-	Chongqing	-	proper	5	-	-	-	-	-
-	Città del Vaticano	-	proper	1	-	-	-	-	-
-	Clarendon	-	proper	5	-	-	-	-	-
-	Clayton	-	proper	6	-	-	-	-	-
-	Cluj	-	proper	5	-	-	-	-	-
-	Cognac	-	proper	5	-	-	-	-	-
-	Colombo	-	proper	1	-	-	-	-	-
-	Columbus	-	proper	39|5	-	-	-	-	-
-	Conakry	-	proper	1	-	-	-	-	-
-	Constanţa	-	proper	10	-	-	-	-	-
-	Conventry	-	proper	1	-	-	-	-	-
-	Cordoba	-	proper	10	-	-	-	-	-
-	Corinto	-	proper	1	-	-	-	-	-
-	Cotonou	-	proper	21	-	-	-	-	-
-	Coventry	-	proper	1	-	-	-	-	-
-	Craiova	-	proper	10	-	-	-	-	-
-	Curitiba	-	proper	9	-	-	-	-	-
-	Cusco	-	proper	1	-	-	-	-	-
-	Cuxhaven	-	proper	6	-	-	-	-	-
-	Cuzco	-	proper	1	-	-	-	-	-
-	Córdoba	-	proper	10	-	-	-	-	-
-	Dacca	-	proper	9	-	-	-	-	-
-	Daejeon	-	proper	5	-	-	-	-	-
-	Dakar	-	proper	6	-	-	-	-	-
-	Dalian	-	proper	5	-	-	-	-	-
-	Dallas	-	proper	5	-	-	-	-	-
-	Damaskos	-	proper	39	-	-	-	-	-
-	Dar es Salaam	-	proper	5	-	-	-	-	-
-	Darmstadt	-	proper	5	-	-	-	-	-
-	Davao	-	proper	1	-	-	-	-	-
-	Davos	-	proper	5	-	-	-	-	-
-	Debrecen	-	proper	5	-	-	-	-	-
-	Degerby	-	proper	21|†1	-	-	-	-	-
-	Delfoi	-	proper	18	-	-	-	-	-
-	Delhi	-	proper	5	-	-	-	-	-
-	Denver	-	proper	6	-	-	-	-	-
-	Derby	-	proper	1	-	-	-	-	-
-	Dessau	-	proper	21	-	-	-	-	-
-	Detroit	-	proper	5	-	-	-	-	-
-	Dhaka	-	proper	9	-	-	-	-	-
-	Dijon	-	proper	5	-	-	-	-	-
-	Dili	-	proper	5	-	-	-	-	-
-	Dnipro	-	proper	1	-	-	-	-	-
-	Dodoma	-	proper	10	-	-	-	-	-
-	Doha	-	proper	10	-	-	-	-	-
-	Donetsk	-	proper	5	-	-	-	-	-
-	Dongguan	-	proper	5	-	-	-	-	-
-	Dortmund	-	proper	5	-	-	-	-	-
-	Dover	-	proper	6	-	-	-	-	-
-	Dragsfjärd	-	proper	5	-	-	-	-	-
-	Dragsvik	-	proper	5	-	-	-	-	-
-	Dresden	-	proper	6	-	-	-	-	-
-	Dubai	-	proper	18	-	-	-	-	-
-	Dublin	-	proper	5	-	-	-	-	-
-	Dubrovnik	-	proper	5	-	-	-	-	-
-	Duisburg	-	proper	5	-	-	-	-	-
-	Dunkerque	-	proper	8|21	-	-	-	-	-
-	Durham	-	proper	5	-	-	-	-	-
-	Dušanbe	-	proper	8	-	-	-	-	-
-	Düsseldorf	-	proper	5	-	-	-	-	-
-	Eckerö	-	proper	21|†1	-	-	-	-	-
-	Edinburgh	-	proper	5	-	-	-	-	-
-	Edmonton	-	proper	6	-	-	-	-	-
-	Edo	-	proper	1	-	-	-	-	-
-	Eger	-	proper	6	-	-	-	-	-
-	Eilat	-	proper	5	-	-	-	-	-
-	Eisenach	-	proper	5	-	-	-	-	-
-	El Paso	-	proper	1	-	-	-	-	-
-	Enköping	-	proper	5	-	-	-	-	-
-	Eno	-	proper	1	-	-	-	-	-
-	Enso	-	proper	1	-	-	-	-	-
-	Eskilstuna	-	proper	10	-	-	-	-	-
-	Espoo	-	proper	17	-	-	-	-	-
-	Essen	-	proper	6	-	-	-	-	-
-	Eura	-	proper	9	-	-	-	-	-
-	Fagersta	-	proper	9	-	-	-	-	-
-	Faliraki	-	proper	5	-	-	-	-	-
-	Falun	-	proper	5	-	-	-	-	-
-	Finström	-	proper	5	-	-	-	-	-
-	Firenze	-	proper	8	-	-	-	-	-
-	Fongafale	-	proper	8	-	-	-	-	-
-	Forssa	-	proper	10	-	-	-	-	-
-	Fortaleza	-	proper	9	-	-	-	-	-
-	Frankfurt	-	proper	5	-	-	-	-	-
-	Freetown	-	proper	5	-	-	-	-	-
-	Freiberg	-	proper	5	-	-	-	-	-
-	Freiburg	-	proper	5	-	-	-	-	-
-	Fulton	-	proper	6	-	-	-	-	-
-	Funafuti	-	proper	5	-	-	-	-	-
-	Föglö	-	proper	21|†1	-	-	-	-	-
-	Gaborone	-	proper	8	-	-	-	-	-
-	Galilea	-	proper	13	-	-	-	-	-
-	Gary	-	proper	1	-	-	-	-	-
-	Gdansk	-	proper	5	-	-	-	-	-
-	Gdańsk	-	proper	5	-	-	-	-	-
-	Gdynia	-	proper	12	-	-	-	-	-
-	Geneve	-	proper	8	-	-	-	-	-
-	Genova	-	proper	10	-	-	-	-	-
-	Gent	-	proper	5	-	-	-	-	-
-	Georgetown	-	proper	5	-	-	-	-	-
-	Geta	-	proper	9	-	-	-	-	-
-	Gitega	-	proper	9	-	-	-	-	-
-	Giza	-	proper	9	-	-	-	-	-
-	Glasgow	-	proper	5	-	-	-	-	-
-	Godthåb	-	proper	5	-	-	-	-	-
-	Golan	-	proper	6	-	-	-	-	-
-	Gorki	-	proper	5	-	-	-	-	-
-	Gotham	-	proper	5	-	-	-	-	-
-	Gotham City	-	proper	1	-	-	-	-	-
-	Gouda	-	proper	10	-	-	-	-	-
-	Granada	-	proper	9	-	-	-	-	-
-	Graz	-	proper	5	-	-	-	-	-
-	Grenoble	-	proper	8	-	-	-	-	-
-	Groningen	-	proper	6	-	-	-	-	-
-	Guadalajara	-	proper	13	-	-	-	-	-
-	Guangzhou	-	proper	21	-	-	-	-	-
-	Guatemala City	-	proper	1	-	-	-	-	-
-	Guayaquil	-	proper	5	-	-	-	-	-
-	Györ	-	proper	5	-	-	-	-	-
-	Gävle	-	proper	8	-	-	-	-	-
-	Göteborg	-	proper	5	-	-	-	-	-
-	Göttingen	-	proper	5	-	-	-	-	-
-	Haag	-	proper	5	-	-	-	-	-
-	Haapsalu	-	proper	1	-	-	-	-	-
-	Haifa	-	proper	9	-	-	-	-	-
-	Halikko	-	proper	4	kk:k	-	-	-	-
-	Halle	-	proper	8	-	-	-	-	-
-	Halli	-	proper	5	-	-	-	-	-
-	Halmstad	-	proper	5	-	-	-	-	-
-	Halsua	-	proper	10|12	-	-	-	-	-
-	Hamar	-	proper	6	-	-	-	-	-
-	Hamilton	-	proper	6	-	-	-	-	-
-	Hamina	-	proper	13	-	-	-	-	-
-	Hammarland	-	proper	5	-	-	-	-	-
-	Hammerfest	-	proper	5	-	-	-	-	-
-	Hampton	-	proper	6	-	-	-	-	-
-	Hampuri	-	proper	6	-	-	-	-	-
-	Hanko	-	proper	1	nk:ng	-	-	-	-
-	Hannover	-	proper	6	-	-	-	-	-
-	Hanoi	-	proper	18	-	-	-	-	-
-	Harappa	-	proper	10	-	-	-	-	-
-	Harare	-	proper	8	-	-	-	-	-
-	Harbin	-	proper	5	-	-	-	-	-
-	Harjavalta	-	proper	9	lt:ll	-	-	-	-
-	Harkova	-	proper	10	-	-	-	-	-
-	Harlu	-	proper	1	-	-	-	-	-
-	Harmoinen	-	proper	38-pl	-	-	-	-	-
-	Hartola	-	proper	12	-	-	-	-	-
-	Hastings	-	proper	5	-	-	-	-	-
-	Hattula	-	proper	12	-	-	-	-	-
-	Hauho	-	proper	1	-	-	-	-	-
-	Havanna	-	proper	9	-	-	-	-	-
-	Hedeby	-	proper	21|†1	-	-	-	-	-
-	Heidelberg	-	proper	5	-	-	-	-	-
-	Heinola	-	proper	12	-	-	-	-	-
-	Helsingborg	-	proper	5	-	-	-	-	-
-	Helsingør	-	proper	5	-	-	-	-	-
-	Helsinki	-	proper	5	nk:ng	-	-	-	-
-	Herson	-	proper	6	-	-	-	-	-
-	Hetta	-	proper	9	tt:t	-	-	-	-
-	Hiitola	-	proper	10	-	-	-	-	-
-	Hiittinen	-	proper	38-pl	-	-	-	-	-
-	Hikiä	-	proper	12	-	-	-	-	-
-	Himanka	-	proper	9	-	-	-	-	-
-	Hiroshima	-	proper	9	-	-	-	-	-
-	Hki	-	proper	5	k:g	-	-	abbr	-
-	Ho Chi Minh	-	proper	5	-	-	-	-	-
-	Hollola	-	proper	12	-	-	-	-	-
-	Hollywood	-	proper	5	-	-	-	-	-
-	Hong Kong	-	proper	5	-	-	-	-	-
-	Hongkong	-	proper	5	-	-	-	-	-
-	Honiara	-	proper	9	-	-	-	-	-
-	Honolulu	-	proper	1	-	-	-	-	-
-	Hopsu	-	proper	1	-	-	-	-	-
-	Houston	-	proper	6	-	-	-	-	-
-	Houtskari	-	proper	5	-	-	-	-	-
-	Huittinen	-	proper	38-pl	-	-	-	-	-
-	Hull	-	proper	5	-	-	-	-	-
-	Humppila	-	proper	12	-	-	-	-	-
-	Hyderabad	-	proper	5	-	-	-	-	-
-	Hyrylä	-	proper	12	-	-	-	-	-
-	Hyvinkää	-	proper	18	-	-	-	-	-
-	H’erson	-	proper	6	-	-	-	-	-
-	Iasi	-	proper	5	-	-	-	-	-
-	Iaşi	-	proper	5	-	-	-	-	-
-	Iași	-	proper	5	-	-	-	-	-
-	Ii	-	proper	18	-	-	-	-	-
-	Iittala	-	proper	12	-	-	-	-	-
-	Iitti	-	proper	5	tt:t	-	-	-	-
-	Ikaalinen	-	proper	38-pl	-	-	-	-	-
-	Ilomantsi	-	proper	5	-	-	-	-	-
-	Imatra	-	proper	9	-	-	-	-	-
-	Inari	-	proper	6	-	-	-	-	-
-	Indianapolis	-	proper	39	-	-	-	-	-
-	Iniö	-	proper	3	-	-	-	-	-
-	Inkoo	-	proper	17	-	-	-	-	-
-	Innsbruck	-	proper	5	-	-	-	-	-
-	Ipswitch	-	proper	5	-	-	-	-	-
-	Islamabad	-	proper	5	-	-	-	-	-
-	Istanbul	-	proper	5	-	-	-	-	-
-	Ivalo	-	proper	2	-	-	-	-	-
-	Izmir	-	proper	5	-	-	-	-	-
-	Jaakkima	-	proper	9	-	-	-	-	-
-	Jaala	-	proper	9	-	-	-	-	-
-	Jaffa	-	proper	9	-	-	-	-	-
-	Jakarta	-	proper	9	-	-	-	-	-
-	Jalta	-	proper	9	-	-	-	-	-
-	Jamestown	-	proper	5	-	-	-	-	-
-	Janakkala	-	proper	12	-	-	-	-	-
-	Jaroslavl	-	proper	5	-	-	-	-	-
-	Jedda	-	proper	9	-	-	-	-	-
-	Jekaterinburg	-	proper	5	-	-	-	-	-
-	Jepua	-	proper	12	-	-	-	-	-
-	Jerevan	-	proper	6	-	-	-	-	-
-	Jeriko	-	proper	2	-	-	-	-	-
-	Jerusalem	-	proper	5	-	-	-	-	-
-	Jinan	-	proper	6	-	-	-	-	-
-	Johannes	-	proper	39	-	-	-	-	-
-	Johannesburg	-	proper	5	-	-	-	-	-
-	Jokioinen	-	proper	38-pl	-	-	-	-	-
-	Jokohama	-	proper	9	-	-	-	-	-
-	Jomala	-	proper	10|12	-	-	-	-	-
-	Joroinen	-	proper	38-pl	-	-	-	-	-
-	Jorvas	-	proper	39	-	-	-	-	-
-	Joutsa	-	proper	10	-	-	-	-	-
-	Joutseno	-	proper	2	-	-	-	-	-
-	Juba	-	proper	10	-	-	-	-	-
-	Jurva	-	proper	10	-	-	-	-	-
-	Juuka	-	proper	10	k:	-	-	-	-
-	Juva	-	proper	10	-	-	-	-	-
-	Jämsä	-	proper	10	-	-	-	-	-
-	Jäppilä	-	proper	12	-	-	-	-	-
-	Jääski	-	proper	7	-	-	-	-	-
-	Jönkoping	-	proper	5	-	-	-	-	-
-	Kaamanen	-	proper	38	-	-	-	-	-
-	Kaaresuvanto	-	proper	1	-	-	-	-	-
-	Kaarina	-	proper	13	-	-	-	-	-
-	Kaarlela	-	proper	13	-	-	-	-	-
-	Kaavi	-	proper	5	-	-	-	-	-
-	Kabul	-	proper	5	-	-	-	-	-
-	Kaipola	-	proper	12	-	-	-	-	-
-	Kairo	-	proper	1	-	-	-	-	-
-	Kajaani	-	proper	5	-	-	-	-	-
-	Kalanti	-	proper	5	nt:nn	-	-	-	-
-	Kaleton	-	proper	34	tt:t	-	-	-	-
-	Kaleva	-	proper	13	-	-	-	-	-
-	Kaliningrad	-	proper	5	-	-	-	-	-
-	Kalkkinen	-	proper	38-pl	-	-	-	-	-
-	Kalkutta	-	proper	10	tt:t	-	-	-	-
-	Kalmar	-	proper	6	-	-	-	-	-
-	Kalvola	-	proper	12	-	-	-	-	-
-	Kampala	-	proper	12	-	-	-	-	-
-	Kannus	-	proper	39	-	-	-	-	-
-	Kanton	-	proper	6	-	-	-	-	-
-	Kapernaum	-	proper	5	-	-	-	-	-
-	Karachi	-	proper	5	-	-	-	-	-
-	Karhula	-	proper	12	-	-	-	-	-
-	Karinainen	-	proper	38-pl	-	-	-	-	-
-	Karjaa	-	proper	18	-	-	-	-	-
-	Karjala	-	proper	12	-	-	-	-	-
-	Karjalohja	-	proper	10	-	-	-	-	-
-	Karkkila	-	proper	12	-	-	-	-	-
-	Karkku	-	proper	1	kk:k	-	-	-	-
-	Karlshamn	-	proper	5	-	-	-	-	-
-	Karlskoga	-	proper	10	-	-	-	-	-
-	Karlskrona	-	proper	10	-	-	-	-	-
-	Karlsruhe	-	proper	8	-	-	-	-	-
-	Karnak	-	proper	5	-	-	-	-	-
-	Karslruhe	-	proper	8	-	-	-	-	-
-	Karstula	-	proper	12	-	-	-	-	-
-	Karthago	-	proper	2	-	-	-	-	-
-	Karttula	-	proper	12	-	-	-	-	-
-	Karuna	-	proper	13	-	-	-	-	-
-	Karunki	-	proper	5	nk:ng	-	-	-	-
-	Karvia	-	proper	12	-	-	-	-	-
-	Kaskinen	-	proper	38-pl	-	-	-	-	-
-	Kassel	-	proper	6	-	-	-	-	-
-	Kathmandu	-	proper	1	-	-	-	-	-
-	Katmandu	-	proper	1	-	-	-	-	-
-	Katowice	-	proper	8	-	-	-	-	-
-	Kauhava	-	proper	10	-	-	-	-	-
-	Kaukas	-	proper	41	-	-	-	-	-
-	Kaukola	-	proper	12	-	-	-	-	-
-	Kaunas	-	proper	5	-	-	-	-	-
-	Kauniainen	-	proper	38-pl	-	-	-	-	-
-	Kaustinen	-	proper	38	-	-	-	-	-
-	Kauttua	-	proper	12	-	-	-	-	-
-	Kauvatsa	-	proper	9	-	-	-	-	-
-	Kazan	-	proper	6	-	-	-	-	-
-	Kecskemét	-	proper	5	-	-	-	-	-
-	Keikyä	-	proper	12	-	-	-	-	-
-	Keitele	-	proper	48	-	-	-	-	-
-	Keituri	-	proper	6	-	-	-	-	-
-	Kekkonen	-	proper	38	-	-	-	-	-
-	Kemi	-	proper	5	-	-	-	-	-
-	Kemiö	-	proper	3	-	-	-	-	-
-	Kempele	-	proper	48	-	-	-	-	-
-	Kerava	-	proper	10	-	-	-	-	-
-	Kestilä	-	proper	12	-	-	-	-	-
-	Ketomella	-	proper	9	-	-	-	-	-
-	Keuru	-	proper	1	-	-	-	-	-
-	Keuruu	-	proper	17	-	-	-	-	-
-	Kevo	-	proper	1	-	-	-	-	-
-	Khartum	-	proper	6	-	-	-	-	-
-	Kianta	-	proper	9	-	-	-	-	-
-	Kiel	-	proper	5	-	-	-	-	-
-	Kiestinki	-	proper	5	-	-	-	-	-
-	Kigali	-	proper	5	-	-	-	-	-
-	Kihniö	-	proper	3	-	-	-	-	-
-	Kiikala	-	proper	12	-	-	-	-	-
-	Kiikka	-	proper	9	kk:k	-	-	-	-
-	Kiikoinen	-	proper	38-pl	-	-	-	-	-
-	Kiiminki	-	proper	5	nk:ng	-	-	-	-
-	Kiiruna	-	proper	13	-	-	-	-	-
-	Kiljava	-	proper	10	-	-	-	-	-
-	Kilpua	-	proper	12	-	-	-	-	-
-	Kingston	-	proper	6	-	-	-	-	-
-	Kingstown	-	proper	5	-	-	-	-	-
-	Kinhiö	-	proper	3	-	-	-	-	-
-	Kinnula	-	proper	12	-	-	-	-	-
-	Kinshasa	-	proper	9	-	-	-	-	-
-	Kintaus	-	proper	39|40	-	-	-	-	-
-	Kioto	-	proper	1	-	-	-	-	-
-	Kiova	-	proper	10	-	-	-	-	-
-	Kirvu	-	proper	1	-	-	-	-	-
-	Kisko	-	proper	1	-	-	-	-	-
-	Kitee	-	proper	17	-	-	-	-	-
-	Kittilä	-	proper	12	-	-	-	-	-
-	Kitzbühel	-	proper	6	-	-	-	-	-
-	Kiukainen	-	proper	38-pl	-	-	-	-	-
-	Kišinev	-	proper	5	-	-	-	dated	-
-	Kišinjov	-	proper	5	-	-	-	dated	-
-	Klaipėda	-	proper	9	-	-	-	-	-
-	Klaukkala	-	proper	12	-	-	-	-	-
-	Knossos	-	proper	39	-	-	-	-	-
-	Knoxville	-	proper	8	-	-	-	-	-
-	Kobe	-	proper	8	-	-	-	-	-
-	Koblenz	-	proper	5	-	-	-	-	-
-	Koivisto	-	proper	1	-	-	-	-	-
-	Kokkola	-	proper	12	-	-	-	-	-
-	Kolari	-	proper	6	-	-	-	-	-
-	Kolho	-	proper	1	-	-	-	-	-
-	Kommunizma	-	proper	9	-	-	-	-	-
-	Konstantinopoli	-	proper	6	-	-	-	-	-
-	Kontu	-	proper	1	nt:nn	-	-	-	-
-	Koria	-	proper	12	-	-	-	-	-
-	Korintti	-	proper	5	tt:t	-	-	-	-
-	Korppoo	-	proper	17	-	-	-	-	-
-	Korsnäs	-	proper	5	-	-	-	-	-
-	Koski	-	proper	7	-	-	-	-	-
-	Kostamus	-	proper	39	-	-	-	-	-
-	Kotka	-	proper	10	-	-	-	-	-
-	Kotte	-	proper	8	-	-	-	-	-
-	Koutokeino	-	proper	1	-	-	-	-	-
-	Kouvola	-	proper	12	-	-	-	-	-
-	Kovero	-	proper	2	-	-	-	-	-
-	Krakova	-	proper	10	-	-	-	-	-
-	Krasnodar	-	proper	6	-	-	-	-	-
-	Kristianstad	-	proper	5	-	-	-	-	-
-	Kristiansund	-	proper	5	-	-	-	-	-
-	Kristiina	-	proper	9	-	-	-	-	-
-	Kristinehamn	-	proper	5	-	-	-	-	-
-	Kruunupyy	-	proper	18	-	front	-	-	-
-	Kuala Lumpur	-	proper	5	-	-	-	-	-
-	Kuhmo	-	proper	1	-	-	-	-	-
-	Kuhmoinen	-	proper	38-pl	-	-	-	-	-
-	Kullaa	-	proper	18	-	-	-	-	-
-	Kumla	-	proper	10	-	-	-	-	-
-	Kumlinge	-	proper	8	-	-	-	-	-
-	Kungsbacka	-	proper	9	-	-	-	-	-
-	Kungsör	-	proper	5	-	-	-	-	-
-	Kungälv	-	proper	5	-	-	-	-	-
-	Kuohu	-	proper	1	-	-	-	-	-
-	Kuopio	-	proper	3	-	-	-	-	-
-	Kuortane	-	proper	48	-	-	-	-	-
-	Kuortti	-	proper	5	tt:t	-	-	-	-
-	Kurikka	-	proper	14	kk:k	-	-	-	-
-	Kuru	-	proper	1	-	-	-	-	-
-	Kustavi	-	proper	5	-	-	-	-	-
-	Kutaisi	-	proper	5	-	-	-	-	-
-	Kuttanen	-	proper	38	-	-	-	-	-
-	Kuusaa	-	proper	18	-	-	-	-	-
-	Kuusamo	-	proper	2	-	-	-	-	-
-	Kuusas	-	proper	39	-	-	-	-	-
-	Kymi	-	proper	5	-	-	-	-	-
-	Kyrö	-	proper	1	-	-	-	-	-
-	Kälviä	-	proper	12	-	-	-	-	-
-	Kärkölä	-	proper	12	-	-	-	-	-
-	Kökar	-	proper	6	-	-	-	-	-
-	Köln	-	proper	5	-	-	-	-	-
-	Königsberg	-	proper	5	-	-	-	-	-
-	Köping	-	proper	5	-	-	-	-	-
-	Köyliö	-	proper	3	-	-	-	-	-
-	Kööpenhamina	-	proper	13	-	-	-	-	-
-	Kōbe	-	proper	8	-	-	-	-	-
-	La Paz	-	proper	5	-	-	-	-	-
-	Lagos	-	proper	5	-	-	-	-	-
-	Lahore	-	proper	8	-	-	-	-	-
-	Lahti	-	proper	7	t:d	-	-	-	-
-	Laihia	-	proper	12	-	-	-	-	-
-	Laitila	-	proper	12	-	-	-	-	-
-	Lammi	-	proper	5	-	-	-	-	-
-	Lancaster	-	proper	5	-	-	-	-	-
-	Landau	-	proper	21	-	-	-	-	-
-	Landskrona	-	proper	10	-	-	-	-	-
-	Langenfeld	-	proper	5	-	-	-	-	-
-	Lappee	-	proper	17	-	-	-	-	-
-	Lappi	-	proper	5	pp:p	-	-	-	-
-	Lapua	-	proper	12	-	-	-	-	-
-	Lapväärtti	-	proper	5	tt:t	-	-	-	-
-	Las Vegas	-	proper	5	-	-	-	-	-
-	Laukaa	-	proper	17	-	-	-	-	-
-	Laukko	-	proper	1	kk:k	-	-	-	-
-	Lauritsala	-	proper	12	-	-	-	-	-
-	Lausanne	-	proper	8	-	-	-	-	-
-	Lavia	-	proper	12	-	-	-	-	-
-	Leeds	-	proper	5	-	-	-	-	-
-	Leicester	-	proper	6	-	-	-	-	-
-	Leiden	-	proper	6	-	front|back	-	-	-
-	Leipzig	-	proper	5	-	front|back	-	-	-
-	Lemi	-	proper	5	-	-	-	-	-
-	Lemland	-	proper	5	-	-	-	-	-
-	Lempää	-	proper	18	-	-	-	-	-
-	Lempäälä	-	proper	11	-	-	-	-	-
-	Lemu	-	proper	1	-	-	-	-	-
-	Leningrad	-	proper	5	-	-	-	-	-
-	Lepaa	-	proper	18	-	-	-	-	-
-	Leverkusen	-	proper	5	-	-	-	-	-
-	Leyden	-	proper	6	-	front|back	-	-	-
-	León	-	proper	5	-	back	-	-	-
-	Liberty City	-	proper	1	-	-	-	-	-
-	Libreville	-	proper	8	-	-	-	-	-
-	Lidköping	-	proper	5	-	-	-	-	-
-	Lieksa	-	proper	9	-	-	-	-	-
-	Lieto	-	proper	1	t:d	-	-	-	-
-	Lievestuore	-	proper	8	-	-	-	-	-
-	Liljendal	-	proper	5	-	-	-	-	-
-	Lille	-	proper	8	-	-	-	-	-
-	Lillehammer	-	proper	6	-	-	-	-	-
-	Lilongwe	-	proper	8	-	-	-	-	-
-	Lima	-	proper	9	-	-	-	-	-
-	Liminka	-	proper	9	nk:ng	-	-	-	-
-	Lincoln	-	proper	5	-	-	-	-	-
-	Lindau	-	proper	21	-	-	-	-	-
-	Linköping	-	proper	5	-	-	-	-	-
-	Linz	-	proper	5	-	-	-	-	-
-	Liperi	-	proper	6	-	-	-	-	-
-	Lissabon	-	proper	6	-	-	-	-	-
-	Little Rock	-	proper	5	-	-	-	-	-
-	Littoinen	-	proper	38-pl	-	-	-	-	-
-	Liverpool	-	proper	5	-	-	-	-	-
-	Ljubljana	-	proper	9	-	-	-	-	-
-	Lobamba	-	proper	9	-	-	-	-	-
-	Lodz	-	proper	5	-	-	-	-	-
-	Lohja	-	proper	10	-	-	-	-	-
-	Lohtaja	-	proper	10	-	-	-	-	-
-	Loimaa	-	proper	17	-	-	-	-	-
-	Lomé	-	proper	8	-	-	-	-	-
-	Lontoo	-	proper	17	-	-	-	-	-
-	Loppi	-	proper	7	pp:p	-	-	-	-
-	Los	-	proper	5	-	-	-	slang	-
-	Los Angeles	-	proper	5	-	-	-	-	-
-	Los Santos	-	proper	39	-	-	-	-	-
-	Loviisa	-	proper	9	-	-	-	-	-
-	Luanda	-	proper	9	-	-	-	-	-
-	Lublin	-	proper	5	-	-	-	-	-
-	Ludwigshafen	-	proper	6	-	-	-	-	-
-	Luhanka	-	proper	9	nk:ng	-	-	-	-
-	Luhansk	-	proper	5	-	-	-	-	-
-	Lumparland	-	proper	5	-	-	-	-	-
-	Lund	-	proper	5	-	-	-	-	-
-	Luopioinen	-	proper	38-pl	-	-	-	-	-
-	Luoto	-	proper	1	t:d	-	-	-	-
-	Lusaka	-	proper	9	-	-	-	-	-
-	Luulaja	-	proper	9	-	-	-	-	-
-	Luvia	-	proper	12	-	-	-	-	-
-	Luxor	-	proper	6	-	-	-	-	-
-	Luzern	-	proper	5	-	-	-	-	-
-	Lviv	-	proper	5	-	-	-	-	-
-	Lyon	-	proper	6	-	-	-	-	-
-	Läyliäinen	-	proper	38-pl	-	-	-	-	-
-	Maaninka	-	proper	9	nk:ng	-	-	-	-
-	Maaria	-	proper	12	-	-	-	-	-
-	Maastricht	-	proper	5	-	-	-	-	-
-	Madrid	-	proper	5	-	-	-	-	-
-	Magdeburg	-	proper	5	-	-	-	-	-
-	Mahlu	-	proper	1	-	-	-	-	-
-	Mainz	-	proper	5	-	-	-	-	-
-	Majuro	-	proper	2	-	-	-	-	-
-	Malabo	-	proper	1	-	-	-	-	-
-	Malaga	-	proper	9	-	-	-	-	-
-	Malakka	-	proper	14	kk:k	-	-	-	-
-	Malmö	-	proper	1	-	-	-	-	-
-	Malé	-	proper	8	-	-	-	-	-
-	Managua	-	proper	12	-	-	-	-	-
-	Manama	-	proper	10	-	-	-	-	-
-	Manchester	-	proper	6	-	-	-	-	-
-	Manila	-	proper	12	-	-	-	-	-
-	Mannheim	-	proper	5	-	-	-	-	-
-	Manse	-	proper	8	-	-	-	-	-
-	Manzikert	-	proper	5	-	-	-	-	-
-	Maputo	-	proper	1	-	-	-	-	-
-	Maracaibo	-	proper	1	-	-	-	-	-
-	Marburg	-	proper	5	-	-	-	-	-
-	Mariestad	-	proper	5	-	-	-	-	-
-	Mariupol	-	proper	6	-	-	-	-	-
-	Marrakech	-	proper	5	-	-	-	-	-
-	Marrakesh	-	proper	5	-	-	-	nstd	-
-	Marseille	-	proper	8	-	-	-	-	-
-	Marttila	-	proper	12	-	-	-	-	-
-	Maseru	-	proper	1	-	-	-	-	-
-	Masku	-	proper	1	-	-	-	-	-
-	Masqat	-	proper	5	-	-	-	-	-
-	Mbabane	-	proper	8	-	-	-	-	-
-	Medellin	-	proper	5	-	-	-	-	-
-	Medellín	-	proper	5	-	-	-	-	-
-	Medina	-	proper	12	-	-	-	-	-
-	Mekka	-	proper	9	kk:k	-	-	-	-
-	Melbourne	-	proper	8	-	-	-	-	-
-	Mellilä	-	proper	12	-	-	-	-	-
-	Memfis	-	proper	39	-	-	-	-	-
-	Memfis	-	proper	41|†5	-	-	-	-	-
-	Memphis	-	proper	5|†39	-	-	-	-	-
-	Merimasku	-	proper	1	-	-	-	-	-
-	Messina	-	proper	13	-	-	-	-	-
-	Miami	-	proper	5	-	-	-	-	-
-	Middlesbrough	-	proper	5	-	-	-	-	-
-	Miehikkälä	-	proper	12	-	-	-	-	-
-	Mietoinen	-	proper	38-pl	-	-	-	-	-
-	Mikkeli	-	proper	6	-	-	-	-	-
-	Milano	-	proper	2	-	-	-	-	-
-	Minneapolis	-	proper	5|39	-	-	-	-	-
-	Minsk	-	proper	5	-	-	-	-	-
-	Mogadishu	-	proper	1	-	-	-	-	-
-	Mombasa	-	proper	9	-	-	-	-	-
-	Monrovia	-	proper	12	-	-	-	-	-
-	Mons	-	proper	5	-	-	-	-	-
-	Monterrey	-	proper	21	-	-	i|y	-	-
-	Montevideo	-	proper	3	-	-	-	-	-
-	Montreal	-	proper	5	-	-	-	-	-
-	Montreux	-	proper	22	-	-	-	-	-
-	Moroni	-	proper	5	-	-	-	-	-
-	Moskova	-	proper	10	-	-	-	-	-
-	Motala	-	proper	12	-	-	-	-	-
-	Muhos	-	proper	39	-	-	-	-	-
-	Multia	-	proper	12	-	-	-	-	-
-	Mumbai	-	proper	18	-	-	-	-	-
-	Munsala	-	proper	12	-	-	-	-	-
-	Muolaa	-	proper	17	-	-	-	-	-
-	Muonio	-	proper	3	-	-	-	-	-
-	Murcia	-	proper	12	-	-	-	-	-
-	Murmansk	-	proper	5	-	-	-	-	-
-	Mustiala	-	proper	9	-	-	-	-	-
-	Muurame	-	proper	8	-	-	-	-	-
-	Muurla	-	proper	10	-	-	-	-	-
-	Mykene	-	proper	8	-	-	-	-	-
-	Mykolaiv	-	proper	5	-	-	-	-	-
-	Mykolajiv	-	proper	5	-	-	-	-	-
-	Málaga	-	proper	13	-	-	-	-	-
-	Mäntsälä	-	proper	12	-	-	-	-	-
-	Mänttä	-	proper	10	tt:t	-	-	-	-
-	México	-	proper	2	-	-	-	-	-
-	México City	-	proper	1	-	-	-	-	-
-	München	-	proper	6	-	-	-	-	-
-	Münster	-	proper	6	-	-	-	-	-
-	Naantali	-	proper	6	-	-	-	-	-
-	Nagano	-	proper	2	-	-	-	-	-
-	Nagasaki	-	proper	5	-	-	-	-	-
-	Nagoya	-	proper	10|12	-	-	-	-	-
-	Nairobi	-	proper	5	-	-	-	-	-
-	Nakkila	-	proper	12	-	-	-	-	-
-	Nancy	-	proper	1	-	-	-	-	-
-	Nanjing	-	proper	5	-	-	-	-	-
-	Nantes	-	proper	5	-	-	-	-	-
-	Napoli	-	proper	6	-	-	-	-	-
-	Narva	-	proper	9	-	-	-	-	-
-	Narvik	-	proper	5	-	-	-	-	-
-	Nashville	-	proper	8	-	-	-	-	-
-	Nassau	-	proper	21	-	-	-	-	-
-	Nastola	-	proper	12	-	-	-	-	-
-	Nauvo	-	proper	1	-	-	-	-	-
-	Naypyidaw	-	proper	5	-	-	-	-	-
-	Nellim	-	proper	5	-	-	-	-	-
-	Nettaa	-	proper	18	-	-	-	-	-
-	Neuchâtel	-	proper	5	-	-	-	-	-
-	Neuss	-	proper	5	-	-	-	-	-
-	Neustadt	-	proper	5	-	-	-	-	-
-	New Delhi	-	proper	5	-	-	-	-	-
-	New York	-	proper	5	-	-	-	-	-
-	Newcastle	-	proper	8	-	-	-	-	-
-	Ngerulmud	-	proper	5	-	-	-	-	-
-	Niamey	-	proper	21	-	-	i|y	-	-
-	Nietoo	-	proper	17	-	-	-	-	-
-	Nikea	-	proper	12	-	-	-	-	-
-	Nikosia	-	proper	12	-	-	-	-	-
-	Nilsiä	-	proper	12	-	-	-	-	-
-	Ninive	-	proper	8	-	-	-	-	-
-	Nivala	-	proper	12	-	-	-	-	-
-	Nizza	-	proper	9	-	-	-	-	-
-	Nižni Novgorod	-	proper	5	-	-	-	-	-
-	Nokia	-	proper	12	-	-	-	-	-
-	Noormarkku	-	proper	1	kk:k	-	-	-	-
-	Norrköping	-	proper	5	-	-	-	-	-
-	Norrtälje	-	proper	8	-	-	-	-	-
-	Norwich	-	proper	5	-	-	-	-	-
-	Nottingham	-	proper	5	-	-	-	-	-
-	Nouakchott	-	proper	5	-	-	-	-	-
-	Nousiainen	-	proper	38-pl	-	-	-	-	-
-	Novgorod	-	proper	5	-	-	-	-	-
-	Novosibirsk	-	proper	5	-	-	-	-	-
-	Nukuʻalofa	-	proper	10	-	-	-	-	-
-	Nummi	-	proper	7	-	-	-	-	-
-	Nunnanen	-	proper	38	-	-	-	-	-
-	Nuorgam	-	proper	5	-	-	-	-	-
-	Nurmes	-	proper	39	-	-	-	-	-
-	Nurmo	-	proper	1	-	-	-	-	-
-	Nuuk	-	proper	5	-	-	-	-	-
-	Nyköping	-	proper	5	-	-	-	-	-
-	Nynäshamn	-	proper	5	-	-	-	-	-
-	Närpiö	-	proper	3	-	-	-	-	-
-	Nässjö	-	proper	21|†1	-	-	-	-	-
-	Nîmes	-	proper	39	-	-	-	-	-
-	Nürnberg	-	proper	5	-	-	-	-	-
-	N’Djamena	-	proper	9	-	-	-	-	-
-	Oakland	-	proper	5	-	-	-	-	-
-	Oberhof	-	proper	5	-	-	-	-	-
-	Oberstdorf	-	proper	5	-	-	-	-	-
-	Odense	-	proper	8	-	-	-	-	-
-	Odessa	-	proper	13	-	-	-	-	-
-	Offenbach	-	proper	5	-	-	-	-	-
-	Ohrid	-	proper	5	-	-	-	-	-
-	Oitti	-	proper	5	tt:t	-	-	-	-
-	Ojamo	-	proper	2	-	-	-	-	-
-	Oklahoma City	-	proper	1	-	-	-	-	-
-	Omaha	-	proper	9	-	-	-	-	-
-	Omsk	-	proper	5	-	-	-	-	-
-	Oostende	-	proper	8	-	-	-	-	-
-	Oran	-	proper	6	-	-	-	-	-
-	Oravainen	-	proper	38-pl	-	-	-	-	-
-	Orimattila	-	proper	12	-	-	-	-	-
-	Orleans	-	proper	5	-	-	-	-	-
-	Orly	-	proper	1	-	-	-	-	-
-	Orléans	-	proper	5	-	-	-	-	-
-	Osaka	-	proper	13	-	-	-	-	-
-	Oslo	-	proper	1	-	-	-	-	-
-	Osnabrück	-	proper	5	-	-	-	-	-
-	Otava	-	proper	10	-	-	-	-	-
-	Ottawa	-	proper	9	-	-	-	-	-
-	Ouagadougou	-	proper	21	-	-	-	-	-
-	Oulainen	-	proper	38-pl	-	-	-	-	-
-	Oulu	-	proper	1	-	-	-	-	-
-	Oulunsalo	-	proper	2	-	-	-	-	-
-	Oxford	-	proper	5	-	-	-	-	-
-	Paalanen	-	proper	38	-	-	-	-	-
-	Paalasmaa	-	proper	18	-	-	-	-	-
-	Paatene	-	proper	8	-	-	-	-	-
-	Paattinen	-	proper	38-pl	-	-	-	-	-
-	Paattio	-	proper	3	-	-	-	-	-
-	Paavola	-	proper	12	-	-	-	-	-
-	Paddington	-	proper	6	-	-	-	-	-
-	Paimio	-	proper	3	-	-	-	-	-
-	Paippinen	-	proper	38-pl	-	-	-	-	-
-	Pakaa	-	proper	18	-	-	-	-	-
-	Palermo	-	proper	2	-	-	-	-	-
-	Palikir	-	proper	5	-	-	-	-	-
-	Palma	-	proper	9	-	-	-	-	-
-	Palokka	-	proper	14	kk:k	-	-	-	-
-	Palsina	-	proper	13	-	-	-	-	-
-	Paltamo	-	proper	2	-	-	-	-	-
-	Panama	-	proper	12	-	-	-	-	-
-	Parainen	-	proper	38-pl	-	-	-	-	-
-	Paramaribo	-	proper	1	-	-	-	-	-
-	Pariisi	-	proper	5	-	-	-	-	-
-	Parikkala	-	proper	12	-	-	-	-	-
-	Parkano	-	proper	2	-	-	-	-	-
-	Parma	-	proper	9	-	-	-	-	-
-	Parola	-	proper	12	-	-	-	-	-
-	Pau	-	proper	21	-	-	-	-	-
-	Pedersöre	-	proper	8	-	-	-	-	-
-	Peking	-	proper	5	-	-	-	-	-
-	Pello	-	proper	1	-	-	-	-	-
-	Perho	-	proper	1	-	-	-	-	-
-	Perm	-	proper	5	-	-	-	-	-
-	Pernaja	-	proper	9	-	-	-	-	-
-	Perniö	-	proper	3	-	-	-	-	-
-	Persepolis	-	proper	39|41	-	-	-	-	-
-	Pertteli	-	proper	6	-	-	-	-	-
-	Pescara	-	proper	12	-	-	-	-	-
-	Petrograd	-	proper	5	-	-	-	-	-
-	Petroskoi	-	proper	18	-	-	-	-	-
-	Petsamo	-	proper	2	-	-	-	-	-
-	Philadelphia	-	proper	12	-	-	-	-	-
-	Phnom Penh	-	proper	5	-	-	-	-	-
-	Phoenix	-	proper	5	-	-	-	-	-
-	Pietari	-	proper	6	-	-	-	-	-
-	Pihkova	-	proper	10	-	-	-	-	-
-	Piikkiö	-	proper	3	-	-	-	-	-
-	Piippola	-	proper	12	-	-	-	-	-
-	Piispa	-	proper	9	-	-	-	-	-
-	Piitime	-	proper	8	-	-	-	-	-
-	Pinjainen	-	proper	38-pl	-	-	-	-	-
-	Pireus	-	proper	39	-	-	-	-	-
-	Pirkkala	-	proper	12	-	-	-	-	-
-	Pisa	-	proper	9	-	-	-	-	-
-	Pispala	-	proper	12	-	-	-	-	-
-	Pittsburgh	-	proper	5	-	-	-	-	-
-	Pjongjang	-	proper	5	-	-	-	-	-
-	Pjonjang	-	proper	5	-	-	-	-	-
-	Plovdiv	-	proper	5	-	-	-	-	-
-	Podgorica	-	proper	9	-	-	-	-	-
-	Pohja	-	proper	10	-	-	-	-	-
-	Poitiers	-	proper	5	-	-	-	-	-
-	Pomarkku	-	proper	1	kk:k	-	-	-	-
-	Pompeji	-	proper	5	-	-	-	-	-
-	Pori	-	proper	5	-	-	-	-	-
-	Pornainen	-	proper	38-pl	-	-	-	-	-
-	Port Louis	-	proper	22|†5	-	-	-	-	-
-	Port Moresby	-	proper	1	-	-	-	-	-
-	Port Vila	-	proper	9	-	-	-	-	-
-	Port of Spain	-	proper	5	-	-	-	-	-
-	Portland	-	proper	5	-	-	-	-	-
-	Porto	-	proper	1	rt:rr	-	-	-	-
-	Portsmouth	-	proper	5	-	-	-	-	-
-	Porvoo	-	proper	17	-	-	-	-	-
-	Posio	-	proper	3	-	-	-	-	-
-	Poznan	-	proper	6	-	-	-	-	-
-	Poznań	-	proper	5	-	-	-	-	-
-	Praha	-	proper	9	-	-	-	-	-
-	Praia	-	proper	9	-	-	-	-	-
-	Pretoria	-	proper	12	-	-	-	-	-
-	Pristina	-	proper	13	-	-	-	-	-
-	Puebla	-	proper	9	-	-	-	-	-
-	Puhos	-	proper	39	-	-	-	-	-
-	Pukkila	-	proper	12	-	-	-	-	-
-	Pulkkila	-	proper	13	-	-	-	-	-
-	Pultova	-	proper	10	-	-	-	-	-
-	Puolakka	-	proper	14	kk:k	-	-	-	-
-	Puolanka	-	proper	9	nk:ng	-	-	-	-
-	Purmo	-	proper	1	-	-	-	-	-
-	Pusula	-	proper	12	-	-	-	-	-
-	Putrajaya	-	proper	9	-	-	-	-	-
-	Puukkoinen	-	proper	38-pl	-	-	-	-	-
-	Puumala	-	proper	12	-	-	-	-	-
-	Pyhtää	-	proper	17	-	-	-	-	-
-	Pyhäntä	-	proper	10	nt:nn	-	-	-	-
-	Pälkäne	-	proper	48	-	-	-	-	-
-	Pännäinen	-	proper	38-pl	-	-	-	-	-
-	Pärnu	-	proper	1	-	-	-	-	-
-	Pécs	-	proper	5	-	-	-	-	-
-	Pöytyä	-	proper	12	-	-	-	-	-
-	Quezon City	-	proper	1	-	-	-	-	-
-	Quito	-	proper	1	-	-	-	-	-
-	Raahe	-	proper	8	-	-	-	-	-
-	Raasepori	-	proper	6	-	-	-	-	-
-	Raate	-	proper	8	-	-	-	-	-
-	Raati	-	proper	5	-	-	-	-	-
-	Raattama	-	proper	10	-	-	-	-	-
-	Rabat	-	proper	5	-	-	-	-	-
-	Radom	-	proper	5	-	-	-	-	-
-	Ragusa	-	proper	10	-	-	-	-	-
-	Raisio	-	proper	3	-	-	-	-	-
-	Rakvere	-	proper	8	-	-	-	-	-
-	Raleigh	-	proper	22|†5	-	-	-	-	-
-	Rangoon	-	proper	5	-	-	-	-	-
-	Rantsila	-	proper	13	-	-	-	-	-
-	Ranua	-	proper	12	-	-	-	-	-
-	Rauma	-	proper	9	-	-	-	-	-
-	Rautio	-	proper	3	-	-	-	-	-
-	Rautu	-	proper	1	t:d	-	-	-	-
-	Ravenna	-	proper	9	-	-	-	-	-
-	Reading	-	proper	5	-	-	-	-	-
-	Recife	-	proper	8	-	-	-	-	-
-	Recklinghausen	-	proper	6	-	-	-	-	-
-	Redbridge	-	proper	8	-	-	-	-	-
-	Regensburg	-	proper	5	-	-	-	-	-
-	Reims	-	proper	5	-	-	-	-	-
-	Renko	-	proper	1	nk:ng	-	-	-	-
-	Rennes	-	proper	39	-	-	-	-	-
-	Reno	-	proper	1	-	-	-	-	-
-	Repola	-	proper	12	-	-	-	-	-
-	Reutlingen	-	proper	5	-	-	-	-	-
-	Reykjavik	-	proper	5	-	-	-	-	-
-	Reykjavík	-	proper	5	-	-	-	-	-
-	Rheims	-	proper	5	-	-	-	-	-
-	Rho	-	proper	21	-	-	-	-	-
-	Riad	-	proper	5	-	-	-	-	-
-	Riccione	-	proper	8	-	-	-	-	-
-	Riika	-	proper	9	k:	-	-	-	-
-	Rimini	-	proper	5	-	-	-	-	-
-	Rio	-	proper	3	-	-	-	-	-
-	Rio de Janeiro	-	proper	1	-	-	-	-	-
-	Ristiina	-	proper	9	-	-	-	-	-
-	Rivendell	-	proper	5	-	-	-	-	-
-	Riverside	-	proper	8	-	-	-	-	-
-	Rivoli	-	proper	5	-	-	-	-	-
-	Rochefort	-	proper	5	-	-	-	-	-
-	Rochester	-	proper	5	-	-	-	-	-
-	Ronneby	-	proper	21|†1	-	-	-	-	-
-	Rooma	-	proper	10	-	-	-	-	-
-	Roseau	-	proper	21	-	-	-	-	-
-	Rosenheim	-	proper	5	-	-	-	-	-
-	Roskilde	-	proper	8	-	-	-	-	-
-	Rostock	-	proper	5	-	-	-	-	-
-	Rostov	-	proper	5	-	-	-	-	-
-	Rotterdam	-	proper	5	-	-	-	-	-
-	Ruhr	-	proper	5	-	-	-	-	-
-	Ruoke	-	proper	8	-	-	-	-	-
-	Ruotsinpyhtää	-	proper	18	-	-	-	-	-
-	Ruskeala	-	proper	9	-	-	-	-	-
-	Rusko	-	proper	1	-	-	-	-	-
-	Ruukki	-	proper	5	kk:k	-	-	-	-
-	Ruutana	-	proper	12	-	-	-	-	-
-	Rymättylä	-	proper	12	-	-	-	-	-
-	Räisälä	-	proper	12	-	-	-	-	-
-	Rääkkylä	-	proper	12	-	-	-	-	-
-	Saarbrücken	-	proper	6	-	-	-	-	-
-	Saari	-	proper	26	-	-	-	-	-
-	Saba	-	proper	9	-	-	-	-	-
-	Sacramento	-	proper	1	-	-	-	-	-
-	Sahloinen	-	proper	38-pl	-	-	-	-	-
-	Saida	-	proper	9	-	-	-	-	-
-	Saigon	-	proper	6	-	-	-	-	-
-	Sakkola	-	proper	12	-	-	-	-	-
-	Salisbury	-	proper	1	-	-	-	-	-
-	Salla	-	proper	9	-	-	-	-	-
-	Salmi	1	proper	5	-	-	-	-	-
-	Salo	-	proper	1	-	-	-	-	-
-	Saloinen	-	proper	38-pl	-	-	-	-	-
-	Saltvik	-	proper	5	-	front|back	-	-	-
-	Salvador	-	proper	6	-	-	-	-	-
-	Samara	-	proper	13	-	-	-	-	-
-	Samarkand	-	proper	5	-	-	-	-	-
-	Sammatti	-	proper	5	tt:t	-	-	-	-
-	San Antonio	-	proper	3	-	-	-	-	-
-	San Diego	-	proper	1	-	-	-	-	-
-	San Francisco	-	proper	1	-	-	-	-	-
-	San José	-	proper	8	-	-	-	-	-
-	San Juan	-	proper	5	-	-	-	-	-
-	San Marino	-	proper	1	-	-	-	-	-
-	San Salvador	-	proper	6	-	-	-	-	-
-	Sanaa	-	proper	18	-	-	-	-	-
-	Sandviken	-	proper	6	-	-	-	-	-
-	Santa Fe	-	proper	21	-	-	-	-	-
-	Santiago	-	proper	1	-	-	-	-	-
-	Santo Domingo	-	proper	1	-	-	-	-	-
-	Santos	-	proper	39	-	-	-	-	-
-	Sappee	-	proper	17	-	-	-	-	-
-	Sapporo	-	proper	2	-	-	-	-	-
-	Sarajevo	-	proper	2	-	-	-	-	-
-	Saratov	-	proper	5	-	-	-	-	-
-	Sastamala	-	proper	12	-	-	-	-	-
-	Sauvo	-	proper	1	-	-	-	-	-
-	Savannah	-	proper	5|22	-	-	-	-	-
-	Seattle	-	proper	8	-	-	-	-	-
-	Seefeld	-	proper	5	-	-	-	-	-
-	Seiskari	-	proper	6	-	-	-	-	-
-	Sendai	-	proper	18	-	-	-	-	-
-	Seoul	-	proper	5	-	-	-	-	-
-	Sevastopol	-	proper	6	-	-	-	-	-
-	Severodonetsk	-	proper	5	-	-	-	-	-
-	Sevilla	-	proper	9	-	-	-	-	-
-	Shanghai	-	proper	18	-	-	-	-	-
-	Sheffield	-	proper	5	-	-	-	-	-
-	Shenzhen	-	proper	6	-	-	-	-	-
-	Shibuya	-	proper	13	-	-	-	-	-
-	Shinjuku	-	proper	1	-	-	-	-	-
-	Shizuoka	-	proper	10|12	-	-	-	-	-
-	Siegen	-	proper	6	-	-	-	-	-
-	Siena	-	proper	9	-	-	-	-	-
-	Sievi	-	proper	5	-	-	-	-	-
-	Siikainen	-	proper	38-pl	-	-	-	-	-
-	Siipyy	-	proper	18	-	-	-	-	-
-	Simo	-	proper	1	-	-	-	-	-
-	Simpele	-	proper	48	-	-	-	-	-
-	Sipoo	-	proper	17	-	-	-	-	-
-	Sippola	-	proper	12	-	-	-	-	-
-	Siuntio	-	proper	3	-	-	-	-	-
-	Sjevjerodonetsk	-	proper	5	-	-	-	-	-
-	Skellefteå	-	proper	21	-	-	-	-	-
-	Skopje	-	proper	8	-	-	-	-	-
-	Smyrna	-	proper	10	-	-	-	-	-
-	Snappertuna	-	proper	10	-	-	-	-	-
-	Sofia	-	proper	12	-	-	-	-	-
-	Soini	-	proper	5	-	-	-	-	-
-	Sollentuna	-	proper	10	-	-	-	-	-
-	Solna	-	proper	10	-	-	-	-	-
-	Somero	-	proper	2	-	-	-	-	-
-	Sortavala	-	proper	12	-	-	-	-	-
-	Sotkamo	-	proper	2	-	-	-	-	-
-	Sottunga	-	proper	10|12	-	-	-	-	-
-	Sotši	-	proper	5	-	-	-	-	-
-	Soul	-	proper	5	-	-	-	-	-
-	South Tarawa	-	proper	9	-	-	-	-	-
-	Southampton	-	proper	?6	-	-	-	-	-
-	Split	-	proper	5	-	-	-	-	-
-	Springfield	-	proper	5	-	-	-	-	-
-	Stalingrad	-	proper	5	-	-	-	-	-
-	Stanford	-	proper	5	-	-	-	-	-
-	Stavanger	-	proper	5	-	-	-	-	-
-	Strasbourg	-	proper	5	-	-	-	-	-
-	Stuttgart	-	proper	5	-	-	-	-	-
-	Sucre	-	proper	8	-	-	-	-	-
-	Suez	-	proper	5	-	-	-	-	-
-	Suistamo	-	proper	2	-	-	-	-	-
-	Sukeva	-	proper	10	-	-	-	-	-
-	Sulkava	-	proper	10	-	-	-	-	-
-	Sulva	-	proper	10	-	-	-	-	-
-	Sumiainen	-	proper	38-pl	-	-	-	-	-
-	Sund	-	proper	5	-	-	-	-	-
-	Sunderland	-	proper	5	-	-	-	-	-
-	Suva	-	proper	10	-	-	-	-	-
-	Sverdlovsk	-	proper	5	-	-	-	-	-
-	Sydney	-	proper	21	-	-	i|y	-	-
-	Syrakusa	-	proper	10	-	-	-	-	-
-	Sysmä	-	proper	10	-	-	-	-	-
-	Szczecin	-	proper	5	-	-	-	-	-
-	Szeged	-	proper	5	-	-	-	-	-
-	Székesfehérvár	-	proper	5	-	-	-	-	-
-	São Paulo	-	proper	1	-	-	-	-	-
-	São Tomé	-	proper	8	-	-	-	-	-
-	Säkylä	-	proper	12	-	-	-	-	-
-	Säyneinen	-	proper	38-pl	-	-	-	-	-
-	Säynätsalo	-	proper	2	-	-	-	-	-
-	Sääminki	-	proper	5	nk:ng	-	-	-	-
-	Söul	-	proper	5	-	-	-	-	-
-	Taalintehdas	-	proper	39	-	-	-	-	-
-	Taavetti	-	proper	5	tt:t	-	-	-	-
-	Taganrog	-	proper	5	-	-	-	-	-
-	Taipale	-	proper	8	-	-	-	-	-
-	Taipei	-	proper	18	-	-	-	-	-
-	Taiyuan	-	proper	5	-	-	-	-	-
-	Tallinna	-	proper	9	-	-	-	-	-
-	Tammela	-	proper	12	-	-	-	-	-
-	Tampa	-	proper	9	mp:mm	-	-	-	-
-	Tampere	-	proper	48	-	-	-	-	-
-	Tanger	-	proper	6	-	-	-	-	-
-	Tartto	-	proper	1	tt:t	-	-	-	-
-	Taškent	-	proper	5	-	-	-	-	-
-	Tbilisi	-	proper	5	-	-	-	-	-
-	Tegucigalpa	-	proper	9	-	-	-	-	-
-	Teheran	-	proper	6	-	-	-	-	-
-	Tehi	-	proper	5	-	-	-	-	-
-	Tehran	-	proper	6	-	-	-	nstd	-
-	Teisko	-	proper	1	-	-	-	-	-
-	Tel Aviv	-	proper	5	-	-	-	-	-
-	Temmes	-	proper	39	-	-	-	-	-
-	Tenhola	-	proper	12	-	-	-	-	-
-	Teotihuacán	-	proper	5	-	-	-	-	-
-	Tervo	-	proper	1	-	-	-	-	-
-	Tervola	-	proper	12	-	-	-	-	-
-	Teuva	-	proper	9	-	-	-	-	-
-	Theba	-	proper	9	-	-	-	-	-
-	Thessaloniki	-	proper	5	-	-	-	-	-
-	Thimphu	-	proper	1	-	-	-	-	-
-	Tianjin	-	proper	5	-	-	-	-	-
-	Tijuana	-	proper	9	-	-	-	-	-
-	Tikal	-	proper	6	-	-	-	-	-
-	Timbuktu	-	proper	1	-	-	-	-	-
-	Timisoara	-	proper	10|9	-	-	-	-	-
-	Timişoara	-	proper	10|9	-	-	-	-	-
-	Timișoara	-	proper	10|9	-	-	-	-	-
-	Tirana	-	proper	12	-	-	-	-	-
-	Titograd	-	proper	5	-	-	-	-	-
-	Tiukka	-	proper	9	kk:k	-	-	-	-
-	Tku	-	proper	21	-	-	-	-	-
-	Toijala	-	proper	12	-	-	-	-	-
-	Toivakka	-	proper	14	kk:k	-	-	-	-
-	Tokio	-	proper	3	-	-	-	-	-
-	Tolkkinen	-	proper	38-pl	-	-	-	-	-
-	Torino	-	proper	2	-	-	-	-	-
-	Tornio	-	proper	3	-	-	-	-	-
-	Toronto	-	proper	1	-	-	-	-	-
-	Torremolinos	-	proper	39	-	-	-	-	-
-	Tottenham	-	proper	5	-	-	-	-	-
-	Toulouse	-	proper	8	-	-	-	-	-
-	Tour	-	proper	5	-	-	-	-	-
-	Tournai	-	proper	18	-	-	-	-	-
-	Tre	-	proper	48	-	-	-	abbr	-
-	Trelleborg	-	proper	5	-	-	-	-	-
-	Trieste	-	proper	8	-	-	-	-	-
-	Tripoli	-	proper	6	-	-	-	-	-
-	Trollhättan	-	proper	5	-	-	-	-	-
-	Tromssa	-	proper	10	-	-	-	-	-
-	Trondheim	-	proper	5	-	-	-	-	-
-	Tucson	-	proper	6	-	-	-	-	-
-	Tukholma	-	proper	10	-	-	-	-	-
-	Tunis	-	proper	5	-	-	-	-	-
-	Turenki	-	proper	5	nk:ng	-	-	-	-
-	Turku	-	proper	1	k:	-	-	-	-
-	Tuulos	-	proper	39	-	-	-	-	-
-	Tuusula	-	proper	12	-	-	-	-	-
-	Tyneside	-	proper	8	-	-	-	-	-
-	Tyrnävä	-	proper	10	-	-	-	-	-
-	Tyros	-	proper	39	-	-	-	-	-
-	Tyrväntö	-	proper	1	nt:nn	-	-	-	-
-	Tyrvää	-	proper	18	-	-	-	-	-
-	Töysä	-	proper	10	-	-	-	-	-
-	Tübingen	-	proper	5	-	-	-	-	-
-	Tšeljabinsk	-	proper	5	-	-	-	-	-
-	Tšernobyl	-	proper	5	-	-	-	-	-
-	Uddevalla	-	proper	9	-	-	-	-	-
-	Ufa	-	proper	10	-	-	-	-	-
-	Ulaanbaatar	-	proper	5	-	-	-	-	-
-	Ulan Bator	-	proper	6	-	-	-	-	-
-	Ullava	-	proper	10	-	-	-	-	-
-	Ulm	-	proper	5	-	-	-	-	-
-	Ulvila	-	proper	12	-	-	-	-	-
-	Uppsala	-	proper	12	-	-	-	-	-
-	Upsala	-	proper	12	-	-	-	-	-
-	Ur	-	proper	5	-	-	-	-	-
-	Urjala	-	proper	12	-	-	-	-	-
-	Uruk	-	proper	5	-	-	-	-	-
-	Uskela	-	proper	13	-	-	-	-	-
-	Utrecht	-	proper	5	-	-	-	-	-
-	Utti	-	proper	5	tt:t	-	-	-	-
-	Uumaja	-	proper	9	-	-	-	-	-
-	Uurainen	-	proper	38-pl	-	-	-	-	-
-	Vaala	-	proper	9	-	-	-	-	-
-	Vaasa	-	proper	9	-	-	-	-	-
-	Vadstena	-	proper	13	-	-	-	-	-
-	Vaduz	-	proper	5	-	-	-	-	-
-	Vahto	-	proper	1	t:d	-	-	-	-
-	Vahviala	-	proper	9	-	-	-	-	-
-	Vaiaku	-	proper	1	-	-	-	-	-
-	Vainikkala	-	proper	12	-	-	-	-	-
-	Valencia	-	proper	12	-	-	-	-	-
-	Valkeala	-	proper	9	-	-	-	-	-
-	Valletta	-	proper	9	-	-	-	-	-
-	Valparaíso	-	proper	1	-	-	-	-	-
-	Valtimo	-	proper	2	-	-	-	-	-
-	Vammala	-	proper	12	-	-	-	-	-
-	Vampula	-	proper	12	-	-	-	-	-
-	Vanaja	-	proper	9	-	-	-	-	-
-	Vancouver	-	proper	6	-	-	-	-	-
-	Vantaa	-	proper	17	-	-	-	-	-
-	Varanas	-	proper	39	-	-	-	-	-
-	Varkaus	-	proper	40	-	-	-	-	-
-	Varna	-	proper	9	-	-	-	-	-
-	Varsova	-	proper	10	-	-	-	-	-
-	Vaxholm	-	proper	5	-	-	-	-	-
-	Vegas	-	proper	5	-	-	-	-	-
-	Vehmaa	-	proper	17	-	-	-	-	-
-	Velkua	-	proper	12	-	-	-	-	-
-	Venetsia	-	proper	12	-	-	-	-	-
-	Versailles	-	proper	22|5	-	-	-	-	-
-	Vesanto	-	proper	1	nt:nn	-	-	-	-
-	Veteli	-	proper	6	-	-	-	-	-
-	Vice City	-	proper	1	-	-	-	-	-
-	Vichy	-	proper	1	-	-	-	-	-
-	Victoria	-	proper	12	-	-	-	-	-
-	Vientiane	-	proper	8	-	-	-	-	-
-	Vieremä	-	proper	10	-	-	-	-	-
-	Vihanti	-	proper	5	nt:nn	-	-	-	-
-	Vihti	-	proper	5	t:d	-	-	-	-
-	Viiala	-	proper	9	-	-	-	-	-
-	Viipuri	-	proper	6	-	-	-	-	-
-	Viljakkala	-	proper	12	-	-	-	-	-
-	Viljandi	-	proper	5	-	-	-	-	-
-	Villähde	-	proper	8	-	-	-	-	-
-	Vilna	-	proper	9	-	-	-	-	-
-	Vilppula	-	proper	12	-	-	-	-	-
-	Vimpeli	-	proper	6	-	-	-	-	-
-	Visby	-	proper	21|†1	-	-	-	-	-
-	Vladivostok	-	proper	5	-	-	-	-	-
-	Volgograd	-	proper	5	-	-	-	-	-
-	Voronež	-	proper	5	-	-	-	-	-
-	Vuoksela	-	proper	13	-	-	-	-	-
-	Värnamo	-	proper	2	-	-	-	-	-
-	Värtsilä	-	proper	12	-	-	-	-	-
-	Västanfjärd	-	proper	5	-	-	-	-	-
-	Vääksy	-	proper	1	-	-	-	-	-
-	Vårdö	-	proper	21|†1	-	-	-	-	-
-	Vöyri	-	proper	5	-	-	-	-	-
-	Wakefield	-	proper	5	-	-	-	-	-
-	Washington	-	proper	6	-	-	-	-	-
-	Washington DC	-	proper	18B	-	-	-	-	-
-	Weimar	-	proper	6	-	-	-	-	-
-	Wellington	-	proper	5	-	-	-	-	-
-	Westminster	-	proper	6	-	-	-	-	-
-	Wien	-	proper	5	-	-	-	-	-
-	Wiesbaden	-	proper	6	-	-	-	-	-
-	Wigan	-	proper	6	-	-	-	-	-
-	Wilhelmshaven	-	proper	6	-	-	-	-	-
-	Winchester	-	proper	6	-	-	-	-	-
-	Windhoek	-	proper	5	-	-	-	-	-
-	Winnipeg	-	proper	5	-	-	-	-	-
-	Wittemberg	-	proper	5	-	-	-	-	-
-	Wolverhampton	-	proper	6	-	-	-	-	-
-	Wroclaw	-	proper	5	-	-	-	-	-
-	Wrocław	-	proper	5	-	-	-	-	-
-	Wuhan	-	proper	6	-	-	-	-	-
-	Wuppertal	-	proper	6	-	-	-	-	-
-	Würzburg	-	proper	5	-	-	-	-	-
-	Xiamen	-	proper	6	-	-	-	-	-
-	Xian	-	proper	5	-	-	-	-	-
-	Xinxiang	-	proper	5	-	-	-	-	-
-	Xi’an	-	proper	5	-	-	-	-	-
-	Yamoussoukro	-	proper	1	-	-	-	-	-
-	Yangon	-	proper	6	-	-	-	-	-
-	Yaoundé	-	proper	8	-	-	-	-	-
-	Yaren	-	proper	6	-	-	-	-	-
-	Ylistaro	-	proper	2	-	-	-	-	-
-	Yläne	-	proper	48	-	-	-	-	-
-	Yokohama	-	proper	9	-	-	-	nstd	-
-	York	-	proper	5	-	-	-	-	-
-	Ypäjä	-	proper	10	-	-	-	-	-
-	Ystad	-	proper	5	-	-	-	-	-
-	Zagreb	-	proper	5	-	-	-	-	-
-	Zakinthos	-	proper	39	-	-	-	-	-
-	Zakopane	-	proper	8	-	-	-	-	-
-	Zakynthos	-	proper	39	-	-	-	-	-
-	Zaragoza	-	proper	10|12	-	-	-	-	-
-	Zemun	-	proper	5	-	-	-s	-	-
-	Zákinthos	-	proper	39	-	-	-	-	-
-	Zákynthos	-	proper	39	-	-	-	-	-
-	Zürich	-	proper	5	-	-	-	-	-
-	Äetsä	-	proper	10	-	-	-	-	-
-	Ähtäri	-	proper	6	-	-	-	-	-
-	Ähtävä	-	proper	10	-	-	-	-	-
-	Äyräpää	-	proper	18	-	-	-	-	-
-	Ålborg	-	proper	5	-	-	-	-	-
-	Åmål	-	proper	5	-	-	-	-	-
-	Århus	-	proper	5	-	-	-	-	-
-	Öja	-	proper	10	-	-	-	-	-
-	Örebro	-	proper	1	-	-	-	-	-
-	Östersund	-	proper	5	-	-	-	-	-
-	Łódź	-	proper	5	-	-	-	-	-
-	Alma-Ata	-	proper	9	-	-	-	-	-
-	Baden-Baden	-	proper	6	-	-	-	-	-
-	Cluj-Napoca	-	proper	10|12	-	-	-	-	-
-	Iso-Äiniö	-	proper	3	-	-	-	-	-
-	Joškar-Ola	-	proper	10	-	-	-	-	-
-	Mohenjo-Daro	-	proper	1	-	-	-	-	-
-	Mänttä-Vilppula	-	proper	12	-	-	-	-	-
-	Nummi-Pusula	-	proper	12	-	-	-	-	-
-	Porto-Novo	-	proper	1	-	-	-	-	-
-	Yli-Ii	-	proper	18	-	-	-	-	-
-	Port-au-Prince	-	proper	8	-	front	-	-	-
-	Rostov-na-Donu	-	proper	1	-	-	-	-	-
-	Aho|lahti	-	proper	7	t:d	-	-	-	-
-	Aito|lahti	-	proper	7	t:d	-	-	-	-
-	Ala|härmä	-	proper	10	-	-	-	-	-
-	Ala|järvi	-	proper	7	-	-	-	-	-
-	Ala|tornio	-	proper	3	-	-	-	-	-
-	Ala|veteli	-	proper	5	-	-	-	-	-
-	Ala|vieska	-	proper	9	-	-	-	-	-
-	Angel|niemi	-	proper	25	-	-	-	-	-
-	Anjalan|koski	-	proper	7	-	-	-	-	-
-	Ankka|linna	-	proper	9	-	-	-	-	-
-	Art|järvi	-	proper	7	-	-	-	-	-
-	Eli|mäki	-	proper	7	k:	-	-	-	-
-	Enon|koski	-	proper	7	-	-	-	-	-
-	Enon|tekiö	-	proper	3	-	-	-	-	-
-	Erä|järvi	-	proper	7	-	-	-	-	-
-	Eura|joki	-	proper	7	k:	-	-	-	-
-	Evi|järvi	-	proper	7	-	-	-	-	-
-	Haapa|järvi	-	proper	7	-	-	-	-	-
-	Haapa|mäki	-	proper	7	k:	-	-	-	-
-	Haapa|ranta	-	proper	9	nt:nn	-	-	-	-
-	Haapa|saari	-	proper	26	-	-	-	-	-
-	Haapa|vesi	-	proper	27	-	-	-	-	-
-	Hai|luoto	-	proper	1	t:d	-	-	-	-
-	Hammas|lahti	-	proper	7	t:d	-	-	-	-
-	Hanka|salmi	-	proper	7	-	-	-	-	-
-	Hauki|pudas	-	proper	41	t:d	-	-	-	-
-	Hauki|vuori	-	proper	26	-	-	-	-	-
-	Haus|järvi	-	proper	7	-	-	-	-	-
-	Hein|joki	-	proper	7	k:	-	-	-	-
-	Heinä|vesi	-	proper	27	-	-	-	-	-
-	Hinner|joki	-	proper	7	k:	-	-	-	-
-	Hirven|salmi	-	proper	7	-	-	-	-	-
-	Honka|joki	-	proper	7	k:	-	-	-	-
-	Honki|lahti	-	proper	7	t:d	-	-	-	-
-	Hyryn|salmi	-	proper	7	-	-	-	-	-
-	Hämeen|koski	-	proper	7	-	-	-	-	-
-	Hämeen|kyrö	-	proper	1	-	-	-	-	-
-	Hämeen|linna	-	proper	9	-	-	-	-	-
-	Ii|salmi	-	proper	7	-	-	-	-	-
-	Ilma|joki	-	proper	7	k:	-	-	-	-
-	Impi|lahti	-	proper	7	t:d	-	-	-	-
-	Iso|joki	-	proper	7	k:	-	-	-	-
-	Jalas|järvi	-	proper	7	-	-	-	-	-
-	Joen|suu	-	proper	18	-	-	-	-	-
-	Juan|koski	-	proper	7	-	-	-	-	-
-	Juoks|lahti	-	proper	7	t:d	-	-	-	-
-	Juupa|joki	-	proper	7	k:	-	-	-	-
-	Jyväs|kylä	-	proper	10	-	-	-	-	-
-	Jälli|vaara	-	proper	9	-	-	-	-	-
-	Jämi|järvi	-	proper	7	-	-	-	-	-
-	Jämsän|koski	-	proper	7	-	-	-	-	-
-	Järven|pää	-	proper	18	-	-	-	-	-
-	Kaks|kerta	-	proper	9	rt:rr	-	-	-	-
-	Kala|joki	-	proper	7	k:	-	-	-	-
-	Kangas|lampi	-	proper	5	mp:mm	-	-	-	-
-	Kangas|niemi	-	proper	25	-	-	-	-	-
-	Kankaan|pää	-	proper	18	-	-	-	-	-
-	Kannel|järvi	-	proper	7	-	-	-	-	-
-	Kannon|koski	-	proper	7	-	-	-	-	-
-	Kap|kaupunki	-	proper	5	nk:ng	-	-	-	-
-	Karhu|mäki	-	proper	7	k:	-	-	-	-
-	Kari|joki	-	proper	7	k:	-	-	-	-
-	Kauha|joki	-	proper	7	k:	-	-	-	-
-	Kaulin|ranta	-	proper	9	nt:nn	-	-	-	-
-	Kello|koski	-	proper	7	-	-	-	-	-
-	Kemin|maa	-	proper	18	-	-	-	-	-
-	Kemi|järvi	-	proper	7	-	-	-	-	-
-	Kemiön|saari	-	proper	26	-	-	-	-	-
-	Keri|mäki	-	proper	7	k:	-	-	-	-
-	Kesä|lahti	-	proper	7	t:d	-	-	-	-
-	Kiihtelys|vaara	-	proper	9	-	-	-	-	-
-	Kirkko|nummi	-	proper	7	-	-	-	-	-
-	Kirk|niemi	-	proper	25	-	-	-	-	-
-	Kiuru|vesi	-	proper	27	-	-	-	-	-
-	Kiven|lahti	-	proper	7	t:d	-	-	-	-
-	Kiven|napa	-	proper	9	p:v	-	-	-	-
-	Kivi|järvi	-	proper	7	-	-	-	-	-
-	Kodis|joki	-	proper	7	k:	-	-	-	-
-	Koivu|lahti	-	proper	7	t:d	-	-	-	-
-	Koi|järvi	-	proper	7	-	-	-	-	-
-	Koke|mäki	-	proper	7	k:	-	-	-	-
-	Kongin|kangas	-	proper	41	nk:ng	-	-	-	-
-	Konne|vesi	-	proper	27	-	-	-	-	-
-	Kontio|lahti	-	proper	7	t:d	-	-	-	-
-	Kontio|mäki	-	proper	7	k:	-	-	-	-
-	Kontu|pohja	-	proper	10	-	-	-	-	-
-	Korpi|lahti	-	proper	7	t:d	-	-	-	-
-	Korpi|selkä	-	proper	10	k:	-	-	-	-
-	Kortes|järvi	-	proper	7	-	-	-	-	-
-	Kosken|korva	-	proper	10	-	-	-	-	-
-	Kosken|pää	-	proper	18	-	-	-	-	-
-	Kristiinan|kaupunki	-	proper	5	nk:ng	-	-	-	-
-	Kuhma|lahti	-	proper	7	t:d	-	-	-	-
-	Kuiva|niemi	-	proper	25	-	-	-	-	-
-	Kuninkaan|lähde	-	proper	48	t:d	-	-	-	-
-	Kuninkaan|satama	-	proper	10	-	-	-	-	-
-	Kuola|järvi	-	proper	7	-	-	-	-	-
-	Kuolema|järvi	-	proper	7	-	-	-	-	-
-	Kuore|vesi	-	proper	27	-	-	-	-	-
-	Kurki|joki	-	proper	7	k:	-	-	-	-
-	Kuusaan|koski	-	proper	7	-	-	-	-	-
-	Kuusan|koski	-	proper	7	-	-	-	-	-
-	Kuus|joki	-	proper	7	k:	-	-	-	-
-	Kylmä|koski	-	proper	7	-	-	-	-	-
-	Kyy|järvi	-	proper	7	-	-	-	-	-
-	Käki|salmi	-	proper	7	-	-	-	-	-
-	Kärsä|mäki	-	proper	7	k:	-	-	-	-
-	Lahden|pohja	-	proper	10	-	-	-	-	-
-	Lapin|järvi	-	proper	7	-	-	-	-	-
-	Lapin|lahti	-	proper	7	t:d	-	-	-	-
-	Lappa|järvi	-	proper	7	-	-	-	-	-
-	Lappeen|ranta	-	proper	9	nt:nn	-	-	-	-
-	Lautta|kylä	-	proper	10	-	-	-	-	-
-	Lavan|saari	-	proper	26	-	-	-	-	-
-	Lehti|mäki	-	proper	7	k:	-	-	-	-
-	Leivon|mäki	-	proper	7	k:	-	-	-	-
-	Leppä|virta	-	proper	9	rt:rr	-	-	-	-
-	Lesti|järvi	-	proper	7	-	-	-	-	-
-	Levon|mäki	-	proper	7	k:	-	-	-	-
-	Loka|lahti	-	proper	7	t:d	-	-	-	-
-	Lumi|joki	-	proper	7	k:	-	-	-	-
-	Lumi|vaara	-	proper	9	-	-	-	-	-
-	Luu|mäki	-	proper	7	k:	-	-	-	-
-	Längel|mäki	-	proper	7	k:	-	-	-	-
-	Länki|pohja	-	proper	10	-	-	-	-	-
-	Maarian|hamina	-	proper	13	-	-	-	-	-
-	Maa|kalla	-	proper	9	-	-	-	-	-
-	Maa|lahti	-	proper	7	t:d	-	-	-	-
-	Maa|selkä	-	proper	10	k:	-	-	-	-
-	Maksa|maa	-	proper	18	-	-	-	-	-
-	Meri|järvi	-	proper	7	-	-	-	-	-
-	Meri|karvia	-	proper	12	-	-	-	-	-
-	Messu|kylä	-	proper	10	-	-	-	-	-
-	Metsä|maa	-	proper	18	-	-	-	-	-
-	Metsä|pirtti	-	proper	5	tt:t	-	-	-	-
-	Mouhi|järvi	-	proper	7	-	-	-	-	-
-	Musta|saari	-	proper	26	-	-	-	-	-
-	Muuru|vesi	-	proper	27	-	-	-	-	-
-	Mylly|koski	-	proper	7	-	-	-	-	-
-	Mylly|mäki	-	proper	7	k:	-	-	-	-
-	Mynä|mäki	-	proper	7	k:	-	-	-	-
-	Myrs|kylä	-	proper	10	-	-	-	-	-
-	Mänty|harju	-	proper	1	-	-	-	-	-
-	Naisten|matka	-	proper	9	-	-	-	-	-
-	Nevan|linna	-	proper	9	-	-	-	-	-
-	Niini|salo	-	proper	1	-	-	-	-	-
-	Nuija|maa	-	proper	18	-	-	-	-	-
-	Nurmi|järvi	-	proper	7	-	-	-	-	-
-	Orava|saari	-	proper	26	-	-	-	-	-
-	Ori|pää	-	proper	18	-	-	-	-	-
-	Ori|vesi	-	proper	27	-	-	-	-	-
-	Otan|mäki	-	proper	7	k:	-	-	-	-
-	Oulu|joki	-	proper	7	k:	-	-	-	-
-	Outo|kumpu	-	proper	1	mp:mm	-	-	-	-
-	Padas|joki	-	proper	7	k:	-	-	-	-
-	Pai|mela	-	proper	9	-	-	-	-	-
-	Parta|harju	-	proper	1	-	-	-	-	-
-	Patti|joki	-	proper	7	k:	-	-	-	-
-	Pei|pohja	-	proper	10	-	-	-	-	-
-	Pelkosen|niemi	-	proper	25	-	-	-	-	-
-	Pertun|maa	-	proper	18	-	-	-	-	-
-	Petkel|lahti	-	proper	7	t:d	-	-	-	-
-	Peto|lahti	-	proper	7	t:d	-	-	-	-
-	Petäjä|vesi	-	proper	27	-	-	-	-	-
-	Pieksän|maa	-	proper	18	-	-	-	-	-
-	Pieksä|mäki	-	proper	7	k:	-	-	-	-
-	Piela|vesi	-	proper	27	-	-	-	-	-
-	Pielis|järvi	-	proper	7	-	-	-	-	-
-	Pietar|saari	-	proper	26	-	-	-	-	-
-	Pihlaja|vesi	-	proper	27	-	-	-	-	-
-	Pihti|pudas	-	proper	41	t:d	-	-	-	-
-	Pirtti|kylä	-	proper	10	-	-	-	-	-
-	Pitkä|ranta	-	proper	9	nt:nn	-	-	-	-
-	Pohjas|lahti	-	proper	7	t:d	-	-	-	-
-	Polvi|järvi	-	proper	7	-	-	-	-	-
-	Pudas|järvi	-	proper	7	-	-	-	-	-
-	Punka|harju	-	proper	1	-	-	-	-	-
-	Punka|laidun	-	proper	33	t:d	-	-	-	-
-	Punka|salmi	-	proper	7	-	-	-	-	-
-	Pyhä|joki	-	proper	7	k:	-	-	-	-
-	Pyhä|järvi	-	proper	7	-	-	-	-	-
-	Pyhä|maa	-	proper	18	-	-	-	-	-
-	Pyhä|ranta	-	proper	9	nt:nn	-	-	-	-
-	Pyhä|salmi	-	proper	7	-	-	-	-	-
-	Pyhä|selkä	-	proper	10	k:	-	-	-	-
-	Pylkön|mäki	-	proper	7	k:	-	-	-	-
-	Pälk|järvi	-	proper	7	-	-	-	-	-
-	Raippa|luoto	-	proper	1	t:d	-	-	-	-
-	Raja|mäki	-	proper	7	k:	-	-	-	-
-	Ranta|salmi	-	proper	7	-	-	-	-	-
-	Rauta|lampi	1	proper	5	mp:mm	-	-	-	-
-	Rauta|lampi	2	proper	7	mp:mm	-	-	-	-
-	Rauta|vaara	-	proper	9	-	-	-	-	-
-	Raut|järvi	-	proper	7	-	-	-	-	-
-	Reis|järvi	-	proper	7	-	-	-	-	-
-	Revon|lahti	-	proper	7	t:d	-	-	-	-
-	Riihi|mäki	-	proper	7	k:	-	-	-	-
-	Riista|vesi	-	proper	27	-	-	-	-	-
-	Risti|järvi	-	proper	7	-	-	-	-	-
-	Rova|niemi	-	proper	25	-	-	-	-	-
-	Ruka|järvi	-	proper	7	-	-	-	-	-
-	Ruoko|lahti	-	proper	7	t:d	-	-	-	-
-	Ruo|vesi	-	proper	27	-	-	-	-	-
-	Saari|järvi	-	proper	7	-	-	-	-	-
-	Saha|lahti	-	proper	7	t:d	-	-	-	-
-	Savi|taipale	-	proper	49	-	-	-	-	-
-	Savon|linna	-	proper	9	-	-	-	-	-
-	Savon|ranta	-	proper	9	nt:nn	-	-	-	-
-	Savu|koski	-	proper	7	-	-	-	-	-
-	Seinä|joki	-	proper	7	k:	-	-	-	-
-	Siika|joki	-	proper	7	k:	-	-	-	-
-	Siika|latva	-	proper	9	-	-	-	-	-
-	Siilin|järvi	-	proper	7	-	-	-	-	-
-	Soan|lahti	-	proper	7	t:d	-	-	-	-
-	Sodan|kylä	-	proper	10	-	-	-	-	-
-	Somer|niemi	-	proper	25	-	-	-	-	-
-	Sonka|järvi	-	proper	7	-	-	-	-	-
-	Suoden|niemi	-	proper	25	-	-	-	-	-
-	Suomen|niemi	-	proper	25	-	-	-	-	-
-	Suomus|järvi	-	proper	7	-	-	-	-	-
-	Suomus|salmi	-	proper	7	-	-	-	-	-
-	Suonen|joki	-	proper	7	k:	-	-	-	-
-	Suo|järvi	-	proper	7	-	-	-	-	-
-	Suo|lahti	-	proper	7	t:d	-	-	-	-
-	Suo|niemi	-	proper	25	-	-	-	-	-
-	Suur|saari	-	proper	26	-	-	-	-	-
-	Säkki|järvi	-	proper	7	-	-	-	-	-
-	Särki|salmi	-	proper	7	-	-	-	-	-
-	Särki|salo	-	proper	1	-	-	-	-	-
-	Sääks|mäki	-	proper	7	k:	-	-	-	-
-	Taipal|saari	-	proper	26	-	-	-	-	-
-	Taival|koski	-	proper	7	-	-	-	-	-
-	Taivas|salo	-	proper	1	-	-	-	-	-
-	Tammi|järvi	-	proper	7	-	-	-	-	-
-	Tammi|saari	-	proper	26	-	-	-	-	-
-	Tarvas|joki	-	proper	7	k:	-	-	-	-
-	Teeri|järvi	-	proper	7	-	-	-	-	-
-	Teri|joki	-	proper	7	k:	-	-	-	-
-	Terva|koski	-	proper	7	-	-	-	-	-
-	Tikka|koski	-	proper	7	-	-	-	-	-
-	Tohma|järvi	-	proper	7	-	-	-	-	-
-	Toho|lampi	-	proper	5	mp:mm	-	-	-	-
-	Totti|järvi	-	proper	7	-	-	-	-	-
-	Tuupo|vaara	-	proper	9	-	-	-	-	-
-	Tuus|niemi	-	proper	25	-	-	-	-	-
-	Tytär|saari	-	proper	26	-	-	-	-	-
-	Uta|järvi	-	proper	7	-	-	-	-	-
-	Uts|joki	-	proper	7	k:	-	-	-	-
-	Uuku|niemi	-	proper	25	-	-	-	-	-
-	Uusi|kirkko	-	proper	1	kk:k	-	-	-	-
-	Vaaja|koski	-	proper	7	-	-	-	-	-
-	Valkea|koski	-	proper	7	-	-	-	-	-
-	Valk|järvi	-	proper	7	-	-	-	-	-
-	Varpais|järvi	-	proper	7	-	-	-	-	-
-	Vati|ala	-	proper	9	-	-	-	-	-
-	Vehka|lahti	-	proper	7	t:d	-	-	-	-
-	Vehmer|salmi	-	proper	7	-	-	-	-	-
-	Vesi|lahti	-	proper	7	t:d	-	-	-	-
-	Vieru|mäki	-	proper	7	k:	-	-	-	-
-	Vihta|vuori	-	proper	26	-	-	-	-	-
-	Viita|saari	-	proper	26	-	-	-	-	-
-	Viro|lahti	-	proper	7	t:d	-	-	-	-
-	Virta|salmi	-	proper	7	-	-	-	-	-
-	Vuoksen|ranta	-	proper	9	nt:nn	-	-	-	-
-	Vuoli|joki	-	proper	7	k:	-	-	-	-
-	Yli|härmä	-	proper	10	-	-	-	-	-
-	Yli|kiiminki	-	proper	5	nk:ng	-	-	-	-
-	Yli|markku	-	proper	1	kk:k	-	-	-	-
-	Yli|tornio	-	proper	3	-	-	-	-	-
-	Yli|vieska	-	proper	9	-	-	-	-	-
-	Ylä|maa	-	proper	18	-	-	-	-	-
-	Ylö|järvi	-	proper	7	-	-	-	-	-
-	Ääne|koski	-	proper	7	-	-	-	-	-
-	Äänis|linna	-	proper	9	-	-	-	-	-
-	Vöyri-Maksa|maa	-	proper	18	-	-	-	-	-
-	Perä|seinä|joki	-	proper	7	k:	-	-	-	-
-	Iso%joki	-	proper	7	k:	-	-	-	-
-	Iso%kyrö	-	proper	1	-	-	-	-	-
-	Pyhä%ranta	-	proper	9	nt:nn	-	-	-	-
-	Uusi%kaarlepyy	-	proper	18	-	front	-	-	-
-	Uusi%kaupunki	-	proper	5	nk:ng	-	-	-	-
-	Vähä%kyrö	-	proper	1	-	-	-	-	-
-	Uusi%-Taipei	-	proper	18	-	-	-	-	-
/	Kangas|ala	-	proper	9	-	-	-	-	-
/	Virrat	-	proper-pl	9	-	-	-	-	-
Cap	abad	-	proper	5	-	-	-	-	4.000
Cap	alpur	-	proper	5	-	-	-	-	4.000
Cap	anpur	-	proper	5	-	-	-	-	4.000
Cap	bach	-	proper	5	-	-	-	-	4.000
Cap	berg	-	proper	5	-	front	-	-	4.000
Cap	borough	-	proper	22|†5	-	-	-	-	4.000
Cap	bourg	-	proper	5	-	-	-	-	4.000
Cap	bourne	-	proper	8	-	-	-	-	4.000
Cap	bridge	-	proper	8	-	front|back	-	-	4.000
Cap	burg	-	proper	5	-	-	-	-	4.000
Cap	burgh	-	proper	5	-	-	-	-	4.000
Cap	bury	-	proper	1	-	-	-	-	4.000
Cap	büttel	-	proper	6	-	-	-	-	4.000
Cap	caster	-	proper	6	-	-	-	-	4.000
Cap	cester	-	proper	6	-	front|back	-	-	4.000
Cap	chester	-	proper	6	-	front|back	-	-	4.000
Cap	combe	-	proper	8	-	-	-	-	4.000
Cap	dale	-	proper	8	-	-	-	-	4.000
Cap	dorf	-	proper	5	-	-	-	-	4.000
Cap	eaux	-	proper	22|†5	-	-	-	-	4.000
Cap	eia	-	proper	13	-	-	-	-	4.000
Cap	enau	-	proper	1	-	-	-	-	4.000
Cap	enham	-	proper	5	-	-	-	-	4.000
Cap	evci	-	proper	5	-	front|back	-	-	4.000
Cap	evice	-	proper	8	-	front|back	-	-	4.000
Cap	evka	-	proper	9	-	-	-	-	4.000
Cap	ewice	-	proper	8	-	front|back	-	-	4.000
Cap	ești	-	proper	5	-	front|back	-	-	4.000
Cap	feld	-	proper	5	-	front|back	-	-	4.000
Cap	field	-	proper	5	-	front|back	-	-	4.000
Cap	ford	-	proper	5	-	-	-	-	4.000
Cap	forth	-	proper	5	-	-	-	-	4.000
Cap	gorod	-	proper	5	-	-	-	-	4.000
Cap	grad	-	proper	5	-	-	-	-	4.000
Cap	hafen	-	proper	6	-	-	-	-	4.000
Cap	hamn	-	proper	5	-	-	-	-	4.000
Cap	hampton	-	proper	6	-	-	-	-	4.000
Cap	hausen	-	proper	6	-	-	-	-	4.000
Cap	heim	-	proper	5	-	front|back	-	-	4.000
Cap	hofen	-	proper	6	-	-	-	-	4.000
Cap	hora	-	proper	10	-	-	-	-	4.000
Cap	horod	-	proper	5	-	-	-	-	4.000
Cap	horodka	-	proper	10|9	-	-	-	-	4.000
Cap	huacán	-	proper	5	-	-	-	-	4.000
Cap	hurst	-	proper	5	-	-	-	-	4.000
Cap	háza	-	proper	9	-	-	-	-	4.000
Cap	hóra	-	proper	10	-	-	-	-	4.000
Cap	hóri	-	proper	5	-	back	-	-	4.000
Cap	hória	-	proper	12	-	-	-	-	4.000
Cap	iers	-	proper	22|†5	-	back	-	-	4.000
Cap	ikkala	-	proper	12	-	-	-	-	4.000
Cap	ikkälä	-	proper	12	-	-	-	-	4.000
Cap	ingen	-	proper	6	-	front|back	-	-	4.000
Cap	ingham	-	proper	5	-	-	-	-	4.000
Cap	ington	-	proper	6	-	-	-	-	4.000
Cap	ishte	-	proper	8	-	front|back	-	-	4.000
Cap	ivka	-	proper	9	-	-	-	-	4.000
Cap	iáda	-	proper	9	-	-	-	-	4.000
Cap	ište	-	proper	8	-	front|back	-	-	4.000
Cap	kastro	-	proper	1	-	-	-	-	4.000
Cap	kerk	-	proper	5	-	front|back	-	-	4.000
Cap	kinthos	-	proper	39|†5	-	-	-	-	4.000
Cap	kirchen	-	proper	6	-	front|back	-	-	4.000
Cap	kynthos	-	proper	39|†5	-	-	-	-	4.000
Cap	köping	-	proper	5	-	-	-	-	4.000
Cap	kőrös	-	proper	5	-	-	-	-	4.000
Cap	ley	-	proper	21	-	front|back	-	-	4.000
Cap	litz	-	proper	5	-	front|back	-	-	4.000
Cap	markt	-	proper	5	-	-	-	-	4.000
Cap	minster	-	proper	6	-	front|back	-	-	4.000
Cap	mouth	-	proper	5	-	-	-	-	4.000
Cap	mpton	-	proper	6	-	-	-	-	4.000
Cap	nagar	-	proper	5	-	-	-	-	4.000
Cap	nitsa	-	proper	9	-	-	-	-	4.000
Cap	nitz	-	proper	5	-	front|back	-	-	4.000
Cap	ovci	-	proper	5	-	-	-	-	4.000
Cap	ovice	-	proper	8	-	-	-	-	4.000
Cap	ovka	-	proper	10	-	-	-	-	4.000
Cap	owice	-	proper	8	-	-	-	-	4.000
Cap	oúpoli	-	proper	5	-	-	-	-	4.000
Cap	pils	-	proper	5	-	front|back	-	-	4.000
Cap	polis	-	proper	39|41|5	-	-	-	-	4.000
Cap	shire	-	proper	8	-	front|back	-	-	4.000
Cap	stad	-	proper	5	-	-	-	-	4.000
Cap	stadt	-	proper	5	-	-	-	-	4.000
Cap	stead	-	proper	5	-	-	-	-	4.000
Cap	sted	-	proper	5	-	front|back	-	-	4.000
Cap	stedt	-	proper	5	-	front|back	-	-	4.000
Cap	telek	-	proper	5	-	front|back	-	-	4.000
Cap	thorpe	-	proper	8	-	-	-	-	4.000
Cap	vnice	-	proper	8	-	front|back	-	-	4.000
Cap	vsk	-	proper	5	-	front|back	-	-	4.000
Cap	vár	-	proper	5	-	back	-	-	4.000
Cap	város	-	proper	5	-	-	-	-	4.000
Cap	wald	-	proper	5	-	-	-	-	4.000
Cap	walde	-	proper	8	-	-	-	-	4.000
Cap	wich	-	proper	5	-	front|back	-	-	4.000
Cap	wick	-	proper	5	-	front|back	-	-	4.000
Cap	wijk	-	proper	5	-	front|back	-	-	4.000
Cap	worth	-	proper	5	-	-	-	-	4.000
Cap	ítsa	-	proper	9	-	-	-	-	4.000
Cap	ítsi	-	proper	5	-	front|back	-	-	4.000
Cap	ópoli	-	proper	5	-	-	-	-	4.000
Cap	ów	-	proper	5	-	back	-	-	4.000
Cap	şoara	-	proper	10|9	-	-	-	-	4.000
Cap	șoara	-	proper	10|9	-	-	-	-	4.000
Cap	n|kaupunki	-	proper	5	nk:ng	-	-	-	4.000
Cap	n|kylä	-	proper	10	-	-	-	-	4.000
